Barcode,TLS_2_cat
AAACAAGTATCTCCCA-1,
AAACCGTTCGTCCAGG-1,
AAACGAGACGGTTGAT-1,
AAACTGCTGGCTCCAA-1,
AAAGGCTCTCGCGCCG-1,
AAAGTGTGATTTATCT-1,
AAAGTTGACTCCCGTA-1,
AAATACCTATAAGCAT-1,
AAATAGCTTAGACTTT-1,
AAATAGGGTGCTATTG-1,
AAATCGTGTACCACAA-1,
AAATCTAGCCCTGCTA-1,
AAATGGTCAATGTGCC-1,
AAATTAACGGGTAGCT-1,
AAATTTGCGGGTGTGG-1,
AACACACGCTCGCCGC-1,
AACCCTACTGTCAATA-1,
AACCGAGCTTGGTCAT-1,
AACCGCTAAGGGATGC-1,
AACCTTTAAATACGGT-1,
AACGATAATGCCGTAG-1,
AACGATATGTCAACTG-1,TLS
AACGCTGTTGCTGAAA-1,
AACGGACGTACGTATA-1,
AACGGCCATCTCCGGT-1,
AACGTACTGTGGGTAC-1,
AACGTGCGAAAGTCTC-1,TLS
AACTAGGCTTGGGTGT-1,
AACTCAAGTTAATTGC-1,
AACTCTCAATAGAGCG-1,
AACTCTCAGTGTGCTC-1,
AAGACTGCAAGCTACT-1,
AAGAGCTCTTTATCGG-1,TLS
AAGAGGCATGGATCGC-1,
AAGATTGGCGGAACGT-1,
AAGCACCCTGCGTATC-1,
AAGCATACTCTCCTGA-1,
AAGCCGAAGCGGTTTA-1,
AAGCGTCCCTCATCGA-1,
AAGCTAGATCGAGTAA-1,
AAGCTCGTGCCAAGTC-1,TLS
AAGCTCTTTCATGGTG-1,
AAGGATGAGGGACCTC-1,
AAGGGACAGATTCTGT-1,
AAGGTATCCTAATATA-1,TLS
AAGGTGATAAACCAGC-1,
AAGTCAATTGTCGTCA-1,
AAGTGCCTTGACTGTA-1,
AAGTGTTTGGAGACGG-1,
AAGTTCACTCCAAGCT-1,
AAGTTCGGCCAACAGG-1,
AATAACACTAGAACAA-1,
AATAGAACAGAGTGGC-1,
AATAGTCCGTCCCGAC-1,
AATATCGAATCAATGC-1,
AATCATGTAAAGACTC-1,
AATCGCCTCAGCGCCA-1,
AATCTGCGTTGGGACG-1,
AATGACAGCAATGTCT-1,
AATGACGTAGGATGTC-1,
AATTAAAGGTCGGCGT-1,
AATTAACGGATTTCCA-1,
AATTAGCGCTGCAGCG-1,
AATTCTAGAGTTAGGC-1,
AATTGAACGCTCTGGT-1,
ACAAATCGCACCGAAT-1,
ACAAATGGTAGTGTTT-1,
ACAACAGCATGAGCTA-1,TLS
ACAAGGAAATCCGCCC-1,
ACAAGGGCAGGCTCTG-1,
ACAATTGTGTCTCTTT-1,
ACAATTTGAGCAGTGG-1,TLS
ACACACCAGGACCAGT-1,
ACACGAGACTCCTTCT-1,TLS
ACACGGGAACTTAGGG-1,TLS
ACACTGATCAAGGTGT-1,
ACAGGCTTGCCCGACT-1,
ACAGGTGGAGGTGAGG-1,
ACATCCCGGCCATACG-1,
ACATCCTGGTAACTGT-1,
ACATCGATCGTTTACC-1,
ACATCGGTCAGCCGCG-1,
ACATCGTATGCAATGG-1,
ACATGGCGCCAAAGTA-1,
ACATTAGTTTATATCC-1,
ACCAACGCTTATTTAT-1,
ACCAATATGCAAGTTA-1,
ACCACAAGTTTCTATC-1,
ACCACCAATGTAACAA-1,
ACCACGTGCAGCTATA-1,
ACCAGTGCGGGAGACG-1,
ACCATATCCGCAATAA-1,
ACCATCGTATATGGTA-1,
ACCCAACGCCCGTGGC-1,
ACCCGGAAACTCCCAG-1,
ACCCGGATGACGCATC-1,
ACCCGGTTACACTTCC-1,
ACCCGTGTCATCAGTA-1,
ACCCTCCCTTGCTATT-1,
ACCGACTGAGTCCCAC-1,
ACCGATGGTAGCATCG-1,
ACCGCAATAACTGCCT-1,
ACCGCGGTGGAAGTCG-1,
ACCGGGCCTTTGTTGA-1,
ACCTCCGCCCTCGCTG-1,
ACGATACATAGAACTA-1,
ACGATCATCTTGTAAA-1,
ACGATGCATATGTTAT-1,
ACGCATACGTTTACTA-1,
ACGCATTCGTGAGTAC-1,
ACGCCGCTAGACGACC-1,
ACGCGAAGTCAGACGA-1,
ACGCGGGCCAAGGACA-1,
ACGGACTCTCAAAGCG-1,
ACGGATGGTGCGGATA-1,
ACGGCACTTGCTTGGG-1,
ACGGCCAACATGGACT-1,
ACGGCGACGATGGGAA-1,
ACGTAGATTGCTGATG-1,
ACGTATTACTCCGATC-1,
ACGTTAATGTCGAAGA-1,
ACGTTAGATTTGCCCG-1,
ACTACGCGTTAGAATT-1,
ACTAGTTGCGATCGTC-1,
ACTCAAGTGCAAGGCT-1,
ACTCAATAAAGGCACG-1,
ACTCCCTAATGCTAAA-1,
ACTCCCTAGAATAGTA-1,
ACTCGTCAGTAATCCC-1,
ACTCTCTGACTTAGGT-1,
ACTCTTGTATAGTAAC-1,TLS
ACTGAAACGCCGTTAG-1,
ACTGAATGGCGAAAGT-1,
ACTGTACGATACACAT-1,
ACTGTCCAGGATTATA-1,
ACTGTCTTCTTTAGAA-1,
ACTTACGCATCCACGC-1,
ACTTATACTTACCCGG-1,
ACTTATTAGGATCGGT-1,
ACTTATTTATGTGCCA-1,
ACTTCAGGCTGATCCC-1,
ACTTCGCCATACGCAC-1,TLS
ACTTGACTCCCTCTTT-1,
ACTTGTGGATGGAACG-1,
ACTTTCCTATAGCTTC-1,
AGAACGTGGTACATTC-1,TLS
AGAAGAGCGCCGTTCC-1,
AGAAGGTTGCCGAATT-1,
AGAATTATGGATTCGA-1,
AGACCCACCGCTGATC-1,
AGACGAAGTGCCGGTC-1,
AGACGACGATGCCGCT-1,
AGAGAACCGTCTAGGA-1,
AGAGGCTTCGGAAACC-1,
AGAGTAAACTTCACTA-1,
AGATAACTTCAGGGCC-1,
AGATACCGGTGTTCAC-1,
AGATACTCAAGATCGA-1,
AGATCTCAGGTGTGAT-1,TLS
AGATTATAGGACGTTT-1,
AGCAAAGGCCGCTAGT-1,
AGCAACATATCTTATT-1,
AGCACCAGTACTCACG-1,
AGCACTACCTCACCAG-1,
AGCAGAAGGAGAAAGA-1,
AGCAGCCAGATGAATA-1,
AGCATATCAATATGCT-1,
AGCCACTCCCGTGCTT-1,
AGCGACAGGAACGGTC-1,
AGCGCATAATGAATCG-1,
AGCGTGGTATTCTACT-1,
AGCTCCTTCGCACATC-1,
AGCTCTAGACGTTCCA-1,
AGCTCTTTACTCAGTT-1,
AGCTGAAGTAAACCAA-1,
AGGACAGTCGAATCCC-1,
AGGACGACCCATTAGA-1,
AGGAGGCCTTCGCGCG-1,
AGGATAAAGTCGGGAT-1,
AGGATATAGGGATTTA-1,
AGGCATTGTCGTAGGG-1,
AGGCTTCCCGAAGAAG-1,
AGGGACTCTACGCGAC-1,
AGGGCTGCAGTTACAG-1,
AGGGTCGATGCGAACT-1,
AGGGTGCTCTCGAGGG-1,
AGGGTTCCCTTTGGTT-1,
AGGGTTTAGTTCGGGA-1,
AGGTTGAGGCACGCTT-1,
AGGTTTCACACACCTT-1,
AGTACGGGCACCTGGC-1,TLS
AGTACTCTTATGCCCA-1,
AGTATTTGGCACGACC-1,
AGTCAACACCACCATC-1,
AGTCAAGATGACACTT-1,
AGTCACTAGCTCTCGA-1,
AGTCCATTGGCTGATG-1,
AGTCGACGGTCTCAAG-1,
AGTCGTCGACCACCAA-1,
AGTCTTCTCCTCAAAT-1,
AGTGAACAAACTTCTC-1,
AGTGACCTACTTTACG-1,
AGTGAGACTTCCAGTA-1,
AGTGATAACCTGCGCG-1,
AGTGATATGAGTAGTT-1,
AGTGATTCAAGCAGGA-1,
AGTGCACGCTTAAGAA-1,
AGTGCGTAGCTCGTAA-1,
AGTGCTTGCACGAATA-1,
AGTTAAACACTTGCGA-1,
AGTTCCTACAGAATTA-1,
AGTTCCTATTTATGTT-1,
AGTTTGGCACGGGTTG-1,
AGTTTGGCCAGACCTA-1,
ATAAACGGACCCGTAA-1,
ATAAAGGCTCGGTCGT-1,
ATAACGCCGGAGGGTC-1,
ATAACGGAGTCCAACG-1,TLS
ATAAGGTGGAGAACAT-1,
ATAAGTTACCGCGACG-1,
ATAATAGCTGTTGAAT-1,
ATACAGGCCCTCCAAT-1,
ATACCTAACCAAGAAA-1,
ATACGCCGGCGAAACC-1,
ATACGGGTTTCGATTG-1,
ATACGTACTTAGCCAC-1,
ATACGTCCACTCCTGT-1,
ATACGTTATGCACGGA-1,
ATACTGCCTTACACCG-1,
ATAGACAACGGGACCT-1,
ATAGACGAAGAGAAAG-1,
ATAGAGTTATCAACTT-1,
ATAGGCGGCTATAGAA-1,
ATAGGGATATCCTTGA-1,
ATAGGTTGGGCAGATG-1,
ATAGTGAAGCGTTCTC-1,
ATAGTTCCACCCACTC-1,
ATATAAAGCGCTCGTG-1,
ATATAAATGTAGCTGC-1,
ATATCGTTCCTCGAAC-1,
ATATCTTAGGGCCTTC-1,
ATATGTCTCCCTAGCC-1,
ATATTCAGTTAAACCT-1,
ATATTCCACATAGTGA-1,
ATATTTAACCCTCAAG-1,
ATCAAACACTGTTCCA-1,
ATCAAACGAAGGTTTG-1,
ATCAATCTGGGCTGCA-1,
ATCACATTAGAATATC-1,
ATCACGTGCTAATTAA-1,
ATCAGACGGCACGCCG-1,
ATCAGCCTCATGCTGC-1,
ATCATCCAATATTTGT-1,
ATCCACATCGACAGAA-1,
ATCCAGAGCAACAACC-1,
ATCCAGGATTCGTGAA-1,
ATCCTACCTAAGCTCT-1,
ATCCTGCGTGGAATGG-1,
ATCGACCCAATACAGA-1,
ATCGCCAGTCAACATT-1,
ATCGTTAGCTAGCGGA-1,
ATCTAATATCCTACGG-1,
ATCTGGGCTGTTCTTG-1,
ATCTGGTTAAGACTGT-1,TLS
ATGACTATGCGACATT-1,
ATGATGCAATGGTACA-1,
ATGCATGATCCAGGAT-1,
ATGCCATTTGCGACCA-1,
ATGCCGGTCTTGCATA-1,TLS
ATGCCGGTTGATGGGA-1,
ATGCGACAGTCCCATT-1,TLS
ATGCGAGTCCCACCAC-1,
ATGGATCCGGCGTCCG-1,
ATGGGCCTCGGCCTCT-1,
ATGGTCGCGTGGTTTC-1,
ATGTGGACATCTTGAT-1,
ATTAAACATGCGGACC-1,
ATTAATACTACGCGGG-1,
ATTAATGAACCAGTCG-1,
ATTACATGTCAGTCTT-1,
ATTAGGCGATGCTTTC-1,TLS
ATTATACTTTGCTCGT-1,
ATTCACTGATGTTGGA-1,
ATTCATATACTGTCCA-1,
ATTGAAGATCTTAGTG-1,
ATTGATGAGTCCTAAC-1,
ATTGCGATCAGTAACT-1,
ATTGCTGCTCCTCCAT-1,
ATTGGATTACAGCGTA-1,
ATTGTACAACTCGGCT-1,
ATTTCCGGGTTCTGCG-1,
ATTTGTCTTGGGAGCT-1,
CAAACGAGTATCGCAG-1,
CAAATGTCCTTCCGTG-1,
CAACTGCTCATCCGAT-1,
CAAGAGGGCGGAGTAC-1,
CAAGATATTATAACGT-1,
CAAGCGGCACATAATT-1,
CAAGGATCGCATGTTC-1,
CAAGTGTGGTTGCAAA-1,
CAATAAACCTTGGCCC-1,TLS
CAATATTCTTGACCTA-1,
CAATGCGAGAAGTATC-1,
CAATGGATCTCTACCA-1,TLS
CAATTAAGGGTGATGA-1,
CAATTTCGTATAAGGG-1,
CACAATGAGCTGCTAT-1,
CACACACGCTAACGAG-1,
CACACGCGCTGTCTTA-1,
CACAGCACCCACGGCA-1,
CACAGGGCCATATAGT-1,
CACATATTAGCAGGAT-1,
CACATGATTCAGCAAC-1,
CACCCAAATCTTATGT-1,
CACCCACGAGGCAATT-1,
CACCCGGTTTGTGACT-1,
CACCCTAACAAGATCT-1,
CACCGTATCCCATCCG-1,
CACCGTTAGGGATCAC-1,
CACCGTTGCGCGATAT-1,
CACCTAATCAGTTTAC-1,
CACCTTGGCGCCTTTG-1,
CACGCACAGCGCAGCT-1,TLS
CACGCGGAACTGTTGC-1,
CACGTCGGCAACCTCT-1,
CACGTTCGTGCTCTAG-1,
CACGTTTCGTACACAC-1,
CACTAAAGTTGCCTAT-1,
CACTCAAGAGCTATGG-1,
CACTCCTATGTAAGAT-1,
CACTCGAGCTGAACAA-1,
CACTTAATCAGACGGA-1,
CAGAACTTAGCCCTCT-1,
CAGACACCGATCGCTG-1,
CAGACCTGTAAGTGTT-1,
CAGACGAACCTGATAC-1,
CAGAGACGGTCACCCA-1,
CAGAGCATGAGCTTGC-1,TLS
CAGAGGCGATGCATGA-1,
CAGCAGCCCGTTCCTT-1,TLS
CAGCAGTCCAGACTAT-1,
CAGCAGTCTGTGCTGC-1,
CAGCCTCCTGCAGAGG-1,TLS
CAGCGATTCCCTTCAA-1,
CAGCTCACTGAGACAT-1,
CAGCTCGACAAGTTAA-1,
CAGGATATATCGTTGT-1,
CAGGCCGTTTGGGTGT-1,
CAGGCGCCATGCTAGG-1,
CAGTAGCCCACGCGGT-1,
CAGTCTGTATACTGGG-1,
CAGTGTCGGCTGGCCC-1,
CATAACGGACAGTCGT-1,
CATAAGAAGCTTGGCT-1,
CATACGGCGTCTGGGC-1,
CATACTATGTAATTGT-1,
CATAGCGTTGCCCACC-1,
CATATAGGTACAGTCA-1,
CATCATTACCCTGAGG-1,
CATCCTCTCAAAGATC-1,
CATCGGACGGGTTAAT-1,
CATCTTACACCACCTC-1,
CATGACTTCGCTGAAT-1,
CATGAGATGCACTCTC-1,
CATGATGCACAATTCT-1,
CATGATGGAAGTTAGC-1,
CATGGATTGTCTTCCG-1,
CATGGGTATGCCTTAT-1,
CATGGGTCGGGTGTGG-1,
CATGGTAAGTAGCGTT-1,
CATGGTCTAGATACCG-1,
CATGTAAGAGACATTT-1,
CATGTCTCATTTATGG-1,
CATTTGAGTGGTACGT-1,
CCAAGAAAGTGGGCGA-1,
CCAAGCGTAACTCGTA-1,TLS
CCAATAGTGCCGTCGA-1,
CCAATGTCACAGCAAG-1,
CCACAATGTACGTCTT-1,TLS
CCACACTGAGATATTA-1,
CCACAGTACCCATCCT-1,
CCACCAACTTTACTGT-1,
CCACCCAAGGAAAGTG-1,TLS
CCAGAAAGCAACTCAT-1,
CCAGATAGTTGAGTGA-1,TLS
CCAGCCTGGACCAATA-1,
CCAGCTCGAACGCATT-1,
CCAGTAGTCTGATCCA-1,
CCAGTCTTGTCATAGA-1,
CCATATGGAAACTATA-1,
CCATCGCAGTTAAACT-1,
CCATCTCACCAGTGAA-1,
CCATGCCCTAGATTTC-1,
CCATGCCTGTTTAGTA-1,
CCATTTCTACCTATTA-1,
CCCAAACATGCTGCTC-1,
CCCAACATACGTCGCG-1,
CCCAGTTAAGGCGCCG-1,
CCCGACCATAGTCCGC-1,
CCCGAGTTTCTCCGTA-1,
CCCGCAGCGCGAACTA-1,
CCCGTTTCGCAGATGT-1,
CCCTCCTCGCTCGTAT-1,
CCCTTTGACAGGTCTT-1,
CCGAACCTTCCCGGCC-1,
CCGATCTCAACCTTAT-1,
CCGCACAAAGACCAAC-1,TLS
CCGCATGTGGTACGAT-1,
CCGCGGAATGCGTCAC-1,
CCGCTATCAGCACCAG-1,
CCGCTTACCTCACTCT-1,
CCGGAGCGTACTTTCT-1,
CCGGGCGGTCTCGTCA-1,TLS
CCGGGCTGCTCCATAC-1,
CCGTAAGTTGGTCCCA-1,TLS
CCGTGTTAAATTCCAT-1,
CCTAAATTAACGGTTC-1,
CCTAACCCAAACAAGT-1,
CCTACATTCACAGACG-1,
CCTAGGCGTAGCGATC-1,
CCTATAATGAGTGCCC-1,
CCTATACCGTCCTGTC-1,
CCTATCTATATCGGAA-1,
CCTATGGGTTACCGTC-1,TLS
CCTCGCGCTGTGCGAT-1,
CCTCGGACCGGGATAG-1,
CCTCTAATCTGCCAAG-1,TLS
CCTCTGTACTATTCTA-1,
CCTGAACGATATATTC-1,
CCTGAATATTTACATA-1,
CCTGACCACCGATGGT-1,
CCTGGTCGAATGTGGG-1,
CCTGTAAGACATGATA-1,
CCTGTCACCCGGGCTC-1,
CCTGTCGCCCGTAAAT-1,
CCTGTTTGAAGACACG-1,
CCTTTAAGGGAGCACT-1,
CGAACAGTATGGGCGT-1,
CGAACCCGCATGCGTC-1,
CGACAATTTGATCTAA-1,
CGACACGCTCCGACAG-1,
CGACAGTTCGCGTTAT-1,
CGAGAGATGTGAACCT-1,TLS
CGAGAGGGTAGCCGCG-1,
CGAGGCTAAATATGGC-1,TLS
CGAGGGACTGCGGTCG-1,
CGAGTACTAAAGAGGA-1,
CGAGTTCTGTCCCACC-1,TLS
CGAGTTTATCGGACTG-1,
CGATACCTCGCGGACA-1,
CGATCCGACCCAGTGC-1,
CGATTAAATATCTCCT-1,
CGCACATGTCCACTAC-1,
CGCACGTGCGCTATCA-1,
CGCAGGCGATCCAAAC-1,
CGCATGGTGCGATGCT-1,
CGCCATCCGATTATGA-1,
CGCCCGCTTCCGTACA-1,
CGCCGCCCATGCCTGT-1,
CGCCTCCCTCCTCTAT-1,
CGCGACCGCGACAGAT-1,
CGCGCATGTTTGATTG-1,
CGCGCCCGACTTAATA-1,
CGCGGCTCAACTTGAA-1,
CGCGGGAATTAGGCAG-1,TLS
CGCTACGGGACATTTA-1,
CGCTAGAGACCGCTGC-1,
CGCTATTCTTAGGCTC-1,
CGCTGGTGACTACCCT-1,
CGCTTTCTTGCATTCG-1,
CGGAACGTAAACATAG-1,
CGGAGCAATTTAATCG-1,
CGGAGCATGGCGATCC-1,
CGGATCCTCAAGGACT-1,
CGGCAAACATCGTGCG-1,
CGGCAGGGTCGGGTTG-1,
CGGCCACGCACAAAGT-1,
CGGCCCAGGTATATCC-1,
CGGCGCCATCAATCCC-1,
CGGGAATATAGTATAC-1,
CGGGAATTTATGTAAA-1,
CGGGAGCTTCAGTGTA-1,
CGGGCAGCTAAACCGC-1,
CGGGCCTTCTTTGTAA-1,
CGGGTGTACCCATTTA-1,
CGGTACTAGAATCAAA-1,
CGGTCAAGTGGGAACC-1,TLS
CGGTCTATCAACCCGT-1,
CGGTGCAGATAGAACG-1,
CGGTGCGCGTTGGTCC-1,
CGGTTATCCAACAGTG-1,
CGTACCTGATAGGCCT-1,
CGTATTAAGAGATCTA-1,
CGTCACGTCCATTGGT-1,
CGTCGGATAGTGTTGA-1,
CGTCGTCCTTCGCGAA-1,
CGTGAAGTTAATTCAC-1,
CGTGCAGACTGGGACA-1,
CGTGCCCTCCCGAAGA-1,
CGTGGCCGAATATCTA-1,
CGTTAATGTCCCGACG-1,
CGTTGAATACCGCGCT-1,
CGTTGAGCGACCGTCG-1,
CGTTGTCGGCAATTGA-1,
CGTTTCGCTCATTACA-1,
CTAAAGGGAAATAGGA-1,
CTAAATCCTATTCCGG-1,
CTAACGAAACTTGCTG-1,
CTAACTGGTCCGGTTC-1,
CTAAGGGAATGATTGG-1,
CTACACTCGCAGATGG-1,
CTACCCTAAGGTCATA-1,
CTACGCACGGAGTACC-1,
CTACTATCTTTCAGAG-1,
CTACTGCCACCTGACC-1,
CTAGATGTGAGTGTAA-1,
CTAGATTTACGACGGC-1,
CTAGCATAGTATAATG-1,
CTAGGCGCCCTATCAG-1,
CTAGGTCTGAAGGAAT-1,
CTAGGTTCGGACGTGA-1,
CTAGTCACGTCTTAAG-1,
CTAGTTACAACCCGGT-1,
CTAGTTGGGCCCGGTA-1,
CTATCGACGAAATACA-1,
CTATCGGGTCTCAACA-1,TLS
CTATGGGAAGCGGAAT-1,
CTATGTCACTAGCCCA-1,
CTATTCATGTGTCCCA-1,
CTATTTGGTTACGGAT-1,
CTCACATTTACTAAAT-1,
CTCCGCCCACATGAGG-1,
CTCGCACCTATATAGT-1,
CTCGCCGAATGTAGGG-1,
CTCGGTACCACTGCTC-1,
CTCTATTTGGCTGCAG-1,
CTCTCACAATCGATGA-1,TLS
CTCTGGACGCCTGGTG-1,
CTCTTCTATTGACTGG-1,
CTCTTGTCCCGCTTGG-1,
CTGAATCCGAGACCTC-1,
CTGCACAACTACATAT-1,
CTGCACTCCAGTACAG-1,
CTGCCAAGGTTGGAAG-1,
CTGCCATGCATCACAT-1,
CTGCTGAGGCCACGAA-1,
CTGGAAATGGATGCTT-1,
CTGGAAGACACGGTGG-1,
CTGGATTTACACTTGA-1,
CTGGCGACATAAGTCC-1,
CTGGCGCACAGGTCTG-1,
CTGGCTGGTTGTCAGT-1,
CTGGGATAAATAATGG-1,
CTGGGTAGGCAGTTAA-1,
CTGGTAACACATAGAA-1,
CTGGTTTCGAGCAAGA-1,
CTGTACTTCTTAGCAT-1,
CTGTCAAATGGCTCGG-1,
CTGTGCAGGGTAGGTC-1,
CTGTGGTCGGGAGATA-1,
CTGTTACCCAATCTAG-1,
CTTACACGGTATTCCA-1,
CTTAGCCTTCCACATG-1,
CTTCAACTCCACTTGG-1,
CTTCATTGTCAGTGGA-1,
CTTCCGCTCCGTGAAG-1,
CTTCGTAGATAGGTGA-1,
CTTCTATTAATGCTAG-1,
CTTGAGTTAGGGTAAT-1,
CTTGCCCAGGCTCTAC-1,
CTTGTCAACATTCGAG-1,
CTTGTTGCTGAGTCAA-1,
CTTTAACTTTCAAAGG-1,
CTTTAATATTGGTCGA-1,
CTTTACCGAATAGTAG-1,
CTTTAGGAACACTGTT-1,
CTTTAGTGCTATTATT-1,
CTTTCTGTGCGGGCTT-1,
GAAACAGATGACCACC-1,
GAAACCGAATTACCTT-1,
GAAAGCAGTGCACTTT-1,
GAAATGGCGGTGTTAG-1,
GAAATTGTCTCTATAA-1,
GAACAGATTACTAAAT-1,
GAACCCTCTGTGTTCT-1,
GAACGTCTCATGGTCG-1,
GAAGCCTGCACATTCC-1,
GAAGCGTGAGGAATTT-1,
GAAGTCAGTTGCACTA-1,
GAAGTCTCCCTAGCGA-1,
GAAGTGATTTATCGTG-1,
GAAGTTTCCACTCAAT-1,
GAATAGACGCGACCCA-1,
GAATCTGAACATTCTC-1,
GAATGCGAATCGGTTC-1,
GAATGTGGTCCGGATT-1,
GAATGTTGGGTAATCT-1,
GAATTATAGTGAAAGG-1,
GAATTCACCCGGGTGT-1,
GACAAACATATGCAGG-1,
GACAACGACCATTGAA-1,TLS
GACACAAGGGAAGAAA-1,TLS
GACACTGAGTTCAGTG-1,
GACAGCCAGACCTGAC-1,
GACATCGATTTATAAC-1,
GACCAGAGCCCTGTAG-1,
GACCGTGCTGACGGTG-1,
GACGACGATCCGCGTT-1,
GACGAGGCTAATAAAC-1,
GACGCCGTAAAGGCTA-1,
GACGCTTGCTTCTAAA-1,
GACTGCACCAGCCCAG-1,
GAGACTTCGCGACCGA-1,
GAGAGGGCGCGAGGTT-1,
GAGATCTGCTTGGCAT-1,
GAGATCTGTCACTCCG-1,TLS
GAGATCTTCCATGACA-1,
GAGATGGGAGTCGACA-1,
GAGCACCTGTGTCCAG-1,
GAGCCAGCTACCTGTG-1,
GAGCGCAAATACTCCG-1,
GAGCGCGCACGAGTAG-1,
GAGCTAAGGGCATATC-1,
GAGGGCGCAGCTCTGC-1,
GAGTAGATACTAGTTG-1,
GAGTATGCCCGCCTTG-1,
GAGTCCGCTTACCGGA-1,
GAGTGTGCGGTACCCA-1,
GATAACTCGCACTGTG-1,
GATACGATGGGAGTCA-1,
GATAGGTAACGTTGAC-1,
GATATGAGACACTAAC-1,
GATATTGAGATTGGCG-1,
GATCATTCCAAACATT-1,
GATCCGGGAATTAACA-1,
GATCCTCGACACTGGC-1,
GATCGCGGGCTCTCCA-1,
GATCGCTACCCGATTT-1,
GATCGGTGGCCATAAC-1,
GATCGTGACTGATATC-1,
GATCTTGGAGGGCATA-1,
GATGACAAGTAGGGCA-1,
GATGCGTCCTGCATTC-1,
GATGCTGTATTTCATC-1,
GATGTTCAATCCACGA-1,
GATTAACCGAAAGCCC-1,
GATTACTGAATTTGGG-1,
GATTCCCTTGTCGCAG-1,
GATTCGACGGTTCACG-1,
GCAAACCCTACATTAT-1,
GCAAACCTTGGCCATA-1,
GCAAATATTACGCTTT-1,
GCAACAGCAGTATGCG-1,
GCAAGAATTCCTTGGC-1,
GCACACACTGGTAGCC-1,
GCAGACCCAGCACGTA-1,
GCAGATCCATAAGACT-1,
GCAGATTAGGGATATC-1,
GCAGCACACAGCCCAG-1,
GCAGTGTGGCTATAGG-1,
GCATAGAGCACTCAGG-1,
GCATCGGCCGTGTAGG-1,
GCATGAGGGACGCGGC-1,
GCCACAATTTAAGGAC-1,
GCCATCGAGCTGCGTG-1,
GCCCGATCTGTGGTCG-1,
GCCCGCGCGTAAACGG-1,
GCCCGTAATACCTTCT-1,TLS
GCCGAAATTCCTACGT-1,
GCCGATTGGCCAAGCT-1,
GCCGCTTGTGAGAAAC-1,
GCCGGGTTAGGGTCGC-1,
GCCTATAGTGTCAGGG-1,
GCCTCATCTGGAAATA-1,
GCCTCTATACATAGCA-1,
GCGAAACGATCGGGAG-1,
GCGAAACTTAACTGGA-1,
GCGAAGCCATACCCGT-1,
GCGACGATAGTTGTAC-1,
GCGAGGCCCGAGCAGA-1,
GCGAGTTCTGCAAAGA-1,
GCGATTGTTAACGTTA-1,
GCGCAAGAGCGCGCTG-1,
GCGCATCCAGTCAGCA-1,
GCGCCGTTCCACGATA-1,
GCGCGTCATTGGTACA-1,
GCGCTAATTGAATAGA-1,TLS
GCGCTATGCCGAGGCA-1,
GCGCTTAAATAATTGG-1,
GCGGACCGCGTTGTGG-1,
GCGGAGAAACTTCGCA-1,
GCGGAGAGGGAGAACG-1,
GCGGCTCTGACGTACC-1,
GCGGGCGAGCCTTACC-1,
GCGGTTCCCTATCATG-1,
GCGTAAATGGCCATAA-1,
GCGTCGCCAGGGTGAT-1,
GCGTCTCTGCATTGGG-1,
GCGTGGTACTGGGTTA-1,
GCTAACTGAAGTCTGA-1,
GCTAAGTAGTTTCTCT-1,
GCTACGACTTATTGGG-1,
GCTACTATAGTAGAGT-1,
GCTAGACCGTCTACTG-1,
GCTAGAGTAGAGATGT-1,
GCTAGCTTGAATAGCT-1,
GCTAGGCACCACGGAG-1,
GCTAGTAGAGCTTGTA-1,
GCTATACGTCTCGGAC-1,
GCTATCATACTCATGG-1,
GCTCAATCCGTTTATT-1,
GCTCCTGACATACTGG-1,
GCTCGCTCATGTCCAA-1,
GCTCGGAATTTAAAGC-1,
GCTGAGGCGTGAGTAT-1,
GCTGCACGGTTTCTTA-1,
GCTGCTAAGTAGTCGA-1,
GCTGCTACTGCGTAGC-1,
GCTGCTCTCCGGACAC-1,
GCTGGCGGCGCATGCT-1,
GCTGTATTACTGGCCC-1,
GCTGTTGCTACCGAAC-1,
GCTTAATGTAACTAAC-1,
GCTTATGAAGCAGGAA-1,
GCTTCCGTCCCTAGAC-1,
GCTTGGATCGATTAGG-1,
GCTTTCAGAGGAGGTG-1,
GGAACCGTGTAAATTG-1,
GGAATGCGCTAGCGTG-1,
GGACCAACAGGATAAC-1,
GGAGACGACACCTTTG-1,
GGAGCACCAAGAACTA-1,TLS
GGAGGGCTTGGTTGGC-1,TLS
GGATCCGGAATATACT-1,
GGATGAAGATCGCTGA-1,
GGATGACGCGAGTTTA-1,
GGATGTCCTTACCGCA-1,
GGATTCCGCTATACCC-1,
GGATTGCTGTGACTCC-1,
GGATTTCACTTCTATA-1,
GGCAAAGGCGCCAATA-1,
GGCAAATTACTTTACT-1,
GGCAAGGCGAAATAGC-1,
GGCAATAGTCAATGAG-1,TLS
GGCACTCCACTGGGCA-1,
GGCAGCAAACCTATGC-1,
GGCATATCGGTTCTGC-1,
GGCGAAATCTAACTTG-1,
GGCGCATGAATTGATG-1,
GGCGCGGAGATCTTTC-1,
GGCGCGTTCGAGTTTA-1,
GGCGGAGTAATATTAG-1,
GGCGGTAGGATCATTG-1,
GGCTCGCGTTGAGGTA-1,
GGCTCTGCTCCAACGC-1,TLS
GGCTGAAATAGCAAAG-1,
GGCTTTCAATAAGGGT-1,
GGGAACGGGAGGTTAG-1,
GGGACCCGTATATCTT-1,
GGGACTGCATAGATAG-1,
GGGAGAACTCACAGTA-1,
GGGAGGATGCCCGAAA-1,
GGGAGTTAATGAGGCG-1,TLS
GGGATGGTCGTAACCG-1,
GGGATTTACCGCACCT-1,
GGGCAGAGCAATCGTT-1,
GGGCCCGTCTTAAACA-1,
GGGCCGGCCGAAGTAC-1,
GGGCGGCAAATGAATT-1,
GGGCGGGTTCCCTACG-1,
GGGCGTCACCACGTAA-1,
GGGCTATGATCGATGG-1,
GGGCTCATCGAACCCA-1,
GGGCTGCCTAGGGCGA-1,TLS
GGGCTGGTTAGTCGCG-1,
GGGTACTTCATGAACT-1,
GGGTCACCGTGACGGT-1,
GGGTGACACCTTAACT-1,
GGGTTAACATTTGAGT-1,
GGGTTTAGGATAGGAT-1,
GGTACAAACATGCTAT-1,
GGTAGAAGACCGCCTG-1,
GGTAGACCGTTGGGCG-1,
GGTAGTGCTCGCACCA-1,TLS
GGTATTGCCGAGTTTA-1,
GGTCAAGACTACTTCG-1,
GGTCAGTGGGTCCCAC-1,
GGTCGGCCAGGAGCTT-1,
GGTCGGTCGTCCACAG-1,
GGTCTCTGAATGGACT-1,
GGTCTGAGAATCTGGA-1,
GGTGAAGTACAGGGAT-1,
GGTGATAAGGAGCAGT-1,
GGTGCTGGTACACATT-1,
GGTGGACTGCTCTGGC-1,
GGTTACCACCCTCGGG-1,
GGTTAGCTATATGTCT-1,
GGTTTACAATCTCAAT-1,TLS
GGTTTAGCCTTTCTTG-1,
GGTTTCAATCGGTCAG-1,
GTAAGTAACAGTCTGG-1,
GTAATCTGATTCTTCG-1,
GTACAGAGGCAAGGGT-1,
GTACGCTTCATTGCAC-1,
GTACGTTTGCCCGTCA-1,
GTACTGGAGTTAGACC-1,
GTAGACACGCCTGACT-1,
GTAGCCAAACATGGGA-1,
GTAGCGGCTATACACT-1,
GTAGCTTCCTCTTGTT-1,
GTAGGTGATCCGTGTA-1,
GTAGTCGCGGGAATCA-1,
GTATCAAACGTTAGCT-1,
GTATCTTTCATAACCA-1,
GTATGTGGGTCTAGTT-1,
GTATTCTGAGAAACGA-1,
GTCAAGCGGACTCGGG-1,
GTCCATTACTGCTACG-1,
GTCCCAACGTAAAGTA-1,TLS
GTCCCGCGACGTTATG-1,
GTCCGGACCTGAAATT-1,
GTCCTACGAATAGTCT-1,
GTCGCGTAACCCGTTG-1,
GTCGGGAAGCAGAAAC-1,
GTCGTACCATCTCGGG-1,
GTCGTTATTCGCTTAT-1,
GTCTATCTGAGTTTCT-1,
GTCTATTGGTTCCGGT-1,
GTCTCAAGGCCCGGCT-1,
GTCTCGATCTGCTTTC-1,
GTCTGGGCGGTCGAGA-1,
GTGACCGCACACTACG-1,
GTGACTTCAGTAGTGC-1,
GTGAGGACACTTAAGG-1,
GTGAGTGGTACAACGC-1,
GTGATCACTAACGCCT-1,
GTGATCATAGATCTGC-1,
GTGATTCGCCGCTCAA-1,
GTGCCATCACACGGTG-1,
GTGCCCGTTCGGATTC-1,
GTGCCGCTTCAAAGGT-1,
GTGCGAAATCGAACAC-1,
GTGCGACAGGGAGTGT-1,
GTGCGTGTATATGAGC-1,
GTGCTCAAGTACTGTC-1,
GTGGACGCATTTGTCC-1,
GTGGTGGCCAAGTGAA-1,
GTGTACCTTGGCTACG-1,TLS
GTGTATATCAGCGGGC-1,
GTGTCGTATAGCGTTC-1,
GTGTGAATAACTTAGG-1,
GTGTTACTATGCGTCC-1,
GTTAAAGTAGGACTGG-1,
GTTAACATCACTTAAA-1,
GTTAAGGGTGCGATGT-1,
GTTACCTACAACTTGC-1,
GTTACTTTGGGCCTAG-1,
GTTATAATACGGTGAA-1,
GTTATATTATCTCCCT-1,
GTTCGCCATAAGTGCC-1,
GTTCGTCTAAAGAACT-1,
GTTGAACCGGTTCCAT-1,
GTTGAGTCCCGCCGGT-1,
GTTGGATTGAGAACAC-1,
GTTGGATTTGCGTTGG-1,
GTTGGTCATGCTATCC-1,
GTTTACGTTCCATCTG-1,
GTTTCTGCAGTCTCCC-1,
GTTTGACCAAATCCTA-1,
GTTTGGCCCAAGTTAT-1,
GTTTGGGCTTGTGAGC-1,
GTTTGGTAGGGTCAAC-1,
TAAACCCAGGAGGGCA-1,
TAAAGCGTTAGGAGAA-1,
TAACATACAATGTGGG-1,
TAACCTACCGTCCGAG-1,
TAACTCATCCGCGCGG-1,
TAAGGCAACATAAGAT-1,TLS
TAAGGCATAACATCAA-1,
TAAGGCCCGTCACCCT-1,
TAAGGGCCTGTCCGAT-1,
TAAGTAACATCTTGAC-1,
TAAGTTGCGACGTAGG-1,
TAATAGAACAGAGTTA-1,
TAATAGTGACGACCAG-1,TLS
TACAACGCACAACTCA-1,
TACAGAAACGGTGGGC-1,
TACATAGGCATACACC-1,
TACATTTCTAACGTGC-1,
TACCAAATAGCCCAGA-1,
TACCAATAAAGTACCA-1,
TACCAGAAGTAGGTTC-1,
TACCGCGGACTTGCAG-1,
TACCGGCTCACTGCCC-1,
TACCGGTCGTTTCCAT-1,
TACCGTAGGTTAACTA-1,
TACCGTGCCTCGGACC-1,
TACCTACTCCCAGTAT-1,
TACGAACACGACTTCA-1,
TACGACGCTTGCTGCG-1,
TACGACTGCCTCTTAG-1,
TACGCAGTTCTTTCCT-1,
TACGCCATATTCTAAT-1,
TACGCCGAGGGTACCC-1,
TACGCCTCCATTCCGA-1,
TACGCTATAGAAACCT-1,
TACGGGATGCTAGCAG-1,
TACTCTCCGAACAAAT-1,
TACTTGTTAGTAGTCC-1,
TACTTTACTGAGCCGG-1,
TAGAAAGGTGGCGCTA-1,
TAGAGGTTCTACTTGT-1,
TAGAGTCTAAGCGAAC-1,
TAGATATGGACTGGAA-1,
TAGCCATTTCAAAGTC-1,
TAGCCGGCGGTCAGCG-1,
TAGCGTCCGGTGTGGT-1,
TAGCGTTGGGTCTTAC-1,
TAGCTAGAAGGCATGA-1,
TAGCTCGCCTGATAAC-1,
TAGGCATGTTACGCCA-1,
TAGGGAGCTTGGGATG-1,
TAGGTCGCCGGAACTG-1,
TAGGTGCTCGCCTAGC-1,
TAGGTGTTCCACAGAT-1,
TAGGTTCGAGTTCGTC-1,
TAGTCCGCAGAGAATG-1,
TAGTCGATCACGGGTT-1,
TAGTGCCCTCCAGAGT-1,
TATACACAGACGCCTT-1,
TATACGCGTCATCACT-1,
TATAGATGGTCGCAGT-1,
TATATCCCTGGGAGGA-1,
TATCCAATTGGTTATC-1,
TATCCGCACCGTCGGG-1,
TATCTACCACAGCGGG-1,
TATGATCTTCTCTTTA-1,
TATGGGACCGAGCAGG-1,
TATGGGTACGTATCGT-1,
TATGGTCTGAGTAACA-1,
TATGGTTAGTGGGAGA-1,
TATGTCTCATTGTGCC-1,
TATTACCATCCTGCTT-1,
TATTCAATTCTAATCC-1,TLS
TATTCCACTCAGCTCG-1,
TATTCCGAGCTGTTAT-1,
TATTCCTCCGCCCACT-1,
TATTCGTGCCAGAATA-1,
TCAAACTTAGATTGTT-1,
TCAAATTTGAGACTCA-1,
TCAACGAGGAGACAAA-1,
TCAACGCAGGAAATAA-1,
TCAAGGTTACTACACC-1,
TCACAGCAAACTCGAA-1,
TCACAGGAGAATAAGA-1,
TCACAGGGAATCGCAA-1,
TCACAGGTTATTGGGC-1,
TCACCCTCTTAAGATT-1,
TCACCGCTCGGCACTC-1,
TCACGCATTGTAGATC-1,
TCACGTGCCCGATTCA-1,
TCAGACGCTATAGAAG-1,
TCAGCAAATGCATCTC-1,TLS
TCAGGGTGTAACGTAA-1,TLS
TCAGTAGGGACTATAA-1,
TCATTTAAGTCTCCGA-1,
TCCAACTTTAAATTCT-1,
TCCACTTTATCTAGGT-1,
TCCAGAGCACCGGTTC-1,
TCCAGGCGAGTACGGT-1,
TCCCAGCTTTAGTCTG-1,
TCCCAGGCTTAGCTAA-1,
TCCCGCGTACTCCTGG-1,TLS
TCCCGTCAGTCCCGCA-1,TLS
TCCCGTGTGCAATTTG-1,
TCCGATGACTGAGCTC-1,
TCCGCCTGTCTACAAG-1,
TCCGCGGCAGCATCTG-1,
TCCGCGGCCCAATGAA-1,
TCCGCTGTCATCCCGG-1,
TCCGCTTATCCCATTA-1,
TCCGGTTCGTCCGGTC-1,
TCCGTTAAGCTAATAT-1,
TCCGTTTAGCCTTGAA-1,
TCCTAAATTGGGAAGC-1,
TCCTACATCCACGGCC-1,
TCCTAGCAAAGAAGCT-1,
TCCTCGGGCTGGGCTT-1,
TCCTTACGACGGTCCG-1,
TCCTTTAAATCCGCTT-1,
TCGAAGAACCGAGCAC-1,
TCGAGACCAACACCGT-1,
TCGAGCCAGGCAGGCC-1,
TCGCAAAGATGCATTT-1,
TCGCACCAGGAGGCAG-1,
TCGCCGAAGTTGCGTC-1,
TCGCGTAGCAGTGTCC-1,
TCGCTCGATATATTCC-1,
TCGCTGGGCGGATTGT-1,TLS
TCGGACGCCCAGCCCA-1,
TCGGAGTACATGAGTA-1,TLS
TCGGCGAACCCAAACC-1,
TCGGCTTGTATCGACG-1,
TCGGGAGACAGCGTAC-1,
TCGGGCCGTCGTGGTA-1,
TCGTAAGACGACATTG-1,TLS
TCGTCTTAGGCGTTAA-1,
TCGTGTACTATGGATG-1,
TCGTTAGGAGTCCCTA-1,
TCGTTGCTATCCGGTC-1,
TCTACCGTCCACAAGC-1,
TCTAGCATGCCCAGAA-1,
TCTAGTGATATCGTGG-1,
TCTAGTTATCAGAAGA-1,
TCTCATGAGATAGGGT-1,
TCTCCAACGTAGGTTA-1,
TCTCCCTGGGCAGCGT-1,
TCTGAACTCGTACCCG-1,
TCTGAAGCACGTGGTC-1,
TCTGAATTCCGTACAA-1,
TCTGATGTATTCTGTC-1,
TCTGCCAGAAACTGCA-1,
TCTGGGAACCTTTGAA-1,
TCTGGGTAGCGCTCAT-1,
TCTGTGCCATCATAGT-1,
TCTGTTACCCAGCATA-1,
TCTTACTTATGCCTCT-1,
TCTTAGAGTGAACTCT-1,
TCTTCCCATGGGCACA-1,
TCTTCGAATAGACGTT-1,
TCTTCGATACCAATAA-1,
TCTTCTATAACCCGCC-1,
TCTTGATGCGTAGCGA-1,
TCTTTAAGACTATGAA-1,
TGAAAGGACCTGACTC-1,
TGACATCGAGCGGACC-1,
TGACCCACGTTAGACA-1,
TGACGATGCACTAGAA-1,
TGACTATAATCCTTTC-1,
TGAGAGATTTACCACG-1,
TGAGCCATACAGTCTC-1,
TGAGCGGAAAGTGTTC-1,
TGAGGAGTGCCAGCTT-1,
TGAGTAAATTAGCGTA-1,
TGAGTGCCTCTTAAAT-1,
TGAGTGGTCCGTGACG-1,
TGATACATTTAGCCGT-1,
TGATTCTGTCGCCGGT-1,
TGCAACCCATCTGCGG-1,
TGCAAGAATGACGTAA-1,
TGCAGAGTACCGAGCA-1,
TGCAGGATCGGCAAAG-1,TLS
TGCAGTTTCCTCCCAT-1,
TGCATATGTCTGTCAC-1,
TGCATGTGGTAATCTA-1,
TGCCAATGGGTACTCT-1,
TGCCACCTGGCGAAAC-1,
TGCCAGTACGTGGAGA-1,
TGCCATTACTAAAGAA-1,
TGCCCGTACCGTTAAA-1,
TGCCGTGGATCGTCCT-1,
TGCCTAATTGAAGATT-1,
TGCCTGATCAAACGAT-1,
TGCCTTGGCCAGGCAA-1,
TGCGACACCCTAGTGC-1,
TGCGAGAATATTACCC-1,
TGCGCAAAGCATTTGG-1,
TGCGGAGTAAAGGTGC-1,
TGCGTAAGAACCTGAT-1,
TGCGTTTGTTGACACT-1,
TGCTAAGTGTCTATTT-1,
TGCTCCACAGTTCTTA-1,
TGCTCGGCGAAACCCA-1,
TGCTGTTGAAGAACTC-1,
TGCTTCCCAAGCAGTA-1,
TGGAAGAAGGGAACGT-1,
TGGACTGTTCGCTCAA-1,TLS
TGGCAAACTAAATTAC-1,
TGGCAACTCGCGCGCC-1,
TGGCAATGGGACGGCG-1,
TGGCAGATTACGATCA-1,
TGGCAGCAGTAATAGT-1,
TGGCCAAACTGAAGTA-1,TLS
TGGCGACTGCTCCAAA-1,
TGGCGATCAAGTTATG-1,
TGGCTATGTGACATAC-1,
TGGGCCCATACTAATT-1,
TGGTAGAATATATGGG-1,
TGGTCCCACGCTACGG-1,
TGGTTCAACGGGTAAT-1,
TGTACCTACACGAGGG-1,
TGTACGAACAAATCCG-1,
TGTAGGAGAAATTTCC-1,
TGTATAACAGATCCTG-1,
TGTATGGCGCAGACAG-1,
TGTGACTACGCCAGTC-1,
TGTGAGACTAGCCCAA-1,
TGTGCCGGTGCCGGAA-1,
TGTGGCAAAGCGTATG-1,
TGTTATTGTATGTGGC-1,
TGTTCCGCTTCCATGA-1,
TGTTCGTATTGCGGTG-1,
TGTTCTTCCATTGACT-1,
TGTTGTCAAGAAGTCT-1,
TTAAACTCGAATTCAT-1,
TTAAGATAGGATTGAC-1,
TTAATCAGTACGTCAG-1,
TTAATGTAGACCAGGT-1,
TTACATGCCACAACTA-1,
TTACCCTAGGGATTGG-1,
TTACGGATGGTTCGAG-1,
TTACTAAAGGACTTTA-1,
TTACTCCGGCCGGGAA-1,TLS
TTACTGGGATATTTCA-1,
TTAGAAGAACATGACT-1,
TTAGACGAGTCACCTC-1,
TTAGAGTTTAGAAGGA-1,
TTAGCTGATTTGCCGT-1,
TTAGTTATTCGTGGCA-1,
TTATAGGTAATTGTCT-1,
TTATATACGCTGTCAC-1,
TTATATTTGGCAATCC-1,
TTATCCGGGATCTATA-1,
TTATGAATGAAAGGGA-1,
TTATGATCTTAACGAA-1,
TTATTAGAGCGTGTTC-1,
TTCAAAGTCTCTAGCC-1,TLS
TTCAATACTCTGAATC-1,
TTCACGAAAGGATCAC-1,
TTCACTCGAGCACCTA-1,
TTCAGCCCTGGTCCAC-1,
TTCAGCTGGCGTGCCC-1,
TTCCAATCTGGCTATC-1,
TTCCACACAGATTTGA-1,
TTCCGCGTGAGGCGAT-1,
TTCCGGCCTTGAGGCT-1,
TTCCGGTTACCCACTT-1,
TTCCTCGGACTAACCA-1,
TTCGACAGAGCCCGTG-1,
TTCGCACTGTACGACA-1,
TTCGGGACTAATCGCG-1,TLS
TTCGGGCGCTAGTCTT-1,
TTCTAACCGAAGCTTA-1,
TTCTGACCGGGCTCAA-1,
TTCTGCCGCGCCTAGA-1,
TTCTGCGGGTTAGCGG-1,
TTCTTATCCGCTGGGT-1,
TTCTTGAGCCGCGCTA-1,
TTCTTGGACGATCTGC-1,
TTCTTGGAGTAATGAG-1,
TTGAACGACGTGCTGA-1,
TTGAAGAATTCCCAGG-1,
TTGAATATGGACTTTC-1,TLS
TTGAATTCACGTGAGG-1,
TTGACAGGAGCTCCCG-1,
TTGACATGAACGTGGA-1,
TTGACCATGTTCTCCG-1,TLS
TTGACCGTGTTAATGA-1,
TTGACGCTCCATGAGC-1,
TTGACTACCATATGGT-1,
TTGACTATTGTCCGGC-1,
TTGAGAAGTTTAGCAT-1,
TTGAGAGTACTGCTAA-1,
TTGATGTGTAGTCCCG-1,
TTGATTAGCTGTTTCT-1,
TTGCACAATTCAGAAA-1,
TTGCATGCTGATCACG-1,
TTGCGGCATCAGAAAG-1,
TTGCGTCGGCCAACCG-1,
TTGCTCCCATACCGGA-1,
TTGCTGATCATGTTCG-1,
TTGGACCATCTGGCAA-1,
TTGGACCTATAACAGT-1,
TTGGATATCGTCTACG-1,
TTGGGACACTGCCCGC-1,TLS
TTGGGACGTAAGAGTT-1,
TTGGGCGGCGGTTGCC-1,TLS
TTGGTCACACTCGTAA-1,
TTGTAAGGACCTAAGT-1,
TTGTAAGGCCAGTTGG-1,TLS
TTGTAATCCGTACTCG-1,
TTGTGAACCTAATCCG-1,
TTGTGCAGCCACGTCA-1,
TTGTGTATGCCACCAA-1,
TTGTGTTTCCCGAAAG-1,
TTGTTGTGTGTCAAGA-1,TLS