Barcode,TLS
AAACAAGTATCTCCCA-1,
AAACAGAGCGACTCCT-1,
AAACGAAGAACATACC-1,
AAACGAGACGGTTGAT-1,
AAACTAACGTGGCGAC-1,
AAACTGCTGGCTCCAA-1,
AAAGGGATGTAGCAAG-1,
AAAGGTAAGCTGTACC-1,
AAAGTGTGATTTATCT-1,
AAAGTTGACTCCCGTA-1,
AAATAACCATACGGGA-1,
AAATAGCTTAGACTTT-1,
AAATGATTCGATCAGC-1,
AAATGCTCGTTACGTT-1,
AAATGGCATGTCTTGT-1,
AAATGGTCAATGTGCC-1,
AAATTAACGGGTAGCT-1,
AAATTACACGACTCTG-1,
AAATTACCTATCGATG-1,
AAATTTACCGAAATCC-1,
AACAACTGGTAGTTGC-1,
AACACACGCTCGCCGC-1,
AACACGACTGTACTGA-1,
AACAGGAAATCGAATA-1,
AACATATCAACTGGTG-1,
AACCAGTATCACTCTT-1,
AACCCTACTGTCAATA-1,
AACCCTGGTGGAACCA-1,
AACCGAGCTTGGTCAT-1,
AACCGCTAAGGGATGC-1,
AACCGTTGTGTTTGCT-1,
AACCTTTACGACGTCT-1,
AACGATAGAAGGGCCG-1,
AACGATATGTCAACTG-1,
AACGCATGATCTGGGT-1,
AACGCGGTCTCCAGCC-1,
AACGGACGTACGTATA-1,
AACGTCAGACTAGTGG-1,
AACGTGATGAAGGACA-1,
AACGTGCGAAAGTCTC-1,
AACTCCTAATCCCATG-1,
AACTCTCAATAGAGCG-1,
AACTGATATTAGGCCT-1,
AACTGGGTCCCGACGT-1,
AAGACTGCAAGCTACT-1,
AAGAGCTCTTTATCGG-1,
AAGAGGCATGGATCGC-1,
AAGATTGGCGGAACGT-1,
AAGCCGAAGCGGTTTA-1,
AAGCGGCGTCATGGGT-1,
AAGCTCGTGCCAAGTC-1,
AAGGAGCGGTTGGTGC-1,
AAGGATCGATCGCTTG-1,
AAGGATGAGGGACCTC-1,
AAGGCGCGTAAAGCTT-1,
AAGGCTGTGCTCATCG-1,
AAGGGACAGATTCTGT-1,
AAGGTATCCTAATATA-1,
AAGGTGATAAACCAGC-1,
AAGTAGAAGACCGGGT-1,
AAGTCAATTGTCGTCA-1,
AAGTGCCTTGACTGTA-1,
AAGTTCAGTCTGCGTA-1,
AAGTTTACTAATGGCA-1,
AATAAGTCCTCGAGAC-1,
AATAGAATCTGTTTCA-1,
AATAGCAAGCCTCCTG-1,
AATAGCTACCGCGTGC-1,
AATATCGAATCAATGC-1,
AATATCGAGGGTTCTC-1,T_agg
AATCGCCTCAGCGCCA-1,
AATCGGGACACTACGA-1,
AATCTATGCCGGAGCC-1,
AATCTGCGTTGGGACG-1,
AATCTGGGTAGACCCT-1,
AATGACGTAGGATGTC-1,
AATGACTGTCAGCCGG-1,
AATGATGATACGCTAT-1,
AATGATGCGACTCCTG-1,T_agg
AATGCAACCGGGTACC-1,
AATGCACCAAGCAATG-1,
AATGGTTCTCACAAGC-1,
AATTCATAAGGGATCT-1,
AATTGAACGCTCTGGT-1,
AATTTGGGACATAGTA-1,
AATTTGGTTCCAAAGA-1,
ACAAATGGTAGTGTTT-1,
ACAAATTCAGATCTGA-1,
ACAACAGCATGAGCTA-1,
ACAACGGTCCCTGCGA-1,
ACAATGATTCTTCTAC-1,
ACAATTGTGTCTCTTT-1,
ACAATTTGAGCAGTGG-1,
ACACAAAGACGGGTGG-1,
ACACACCAGGACCAGT-1,
ACACACTTTCTACACG-1,
ACACCCAGCATGCAGC-1,T_agg
ACACCCGAGAAATCCG-1,
ACACCTTAAGTAGGGC-1,
ACACGAGACTCCTTCT-1,
ACACGGCACTATGCAT-1,
ACACGGGAACTTAGGG-1,
ACAGCGCACCCGCAGC-1,
ACATAATAAGGCGGTG-1,
ACATCCTGGTAACTGT-1,
ACATCGATCGTTTACC-1,
ACATCGTATGCAATGG-1,
ACATCGTTAACCTAGT-1,
ACATGGCGCCAAAGTA-1,
ACCAAACTAGAAATCC-1,
ACCAACACCACACACT-1,
ACCAAGAACGCGTGTC-1,
ACCACAACTCAGAACA-1,
ACCACCAATGTAACAA-1,
ACCAGTGCCCGGTCAA-1,
ACCAGTGCGGGAGACG-1,
ACCCGGATGACGCATC-1,
ACCCTCCCTTGCTATT-1,
ACCCTTCATCTGCGAA-1,
ACCCTTTAGTTCTCCA-1,
ACCGACTGAGTCCCAC-1,
ACCGATGGTAGCATCG-1,
ACCGCGGTGGAAGTCG-1,
ACCGGGCCTTTGTTGA-1,
ACCGGTCTGAGTACGG-1,
ACCGTTCCCGCTCTGA-1,
ACGAGATATTTGCTTA-1,
ACGAGTACGGATGCCC-1,
ACGATACATAGAACTA-1,
ACGATCATACATAGAG-1,
ACGATCATCTTGTAAA-1,
ACGATGGATCCGATGC-1,
ACGCATAAATGACATG-1,
ACGCATTCGTGAGTAC-1,
ACGCCAGATGATTTCT-1,
ACGCCGCTAGACGACC-1,
ACGCGGGCCAAGGACA-1,
ACGCTAGTGATACACT-1,
ACGGAGCGCAAATTAC-1,
ACGTACAGATTTCTCT-1,
ACGTAGATTGCTGATG-1,
ACGTATTACTCCGATC-1,
ACGTGCGCCTCGTGCA-1,
ACGTTTAGTTGTGATC-1,
ACTAATACGTCAGGCG-1,
ACTACCAGCTCTCTGG-1,
ACTATATGCTGTGTTC-1,
ACTATCCAGGGCATGG-1,
ACTATTCGTCCGTGGT-1,
ACTCAATAAAGGCACG-1,
ACTCCCGAATTCGTTT-1,
ACTCGTCAGTAATCCC-1,
ACTCTCTGACTTAGGT-1,
ACTCTCTTATACACGA-1,
ACTCTTGTATAGTAAC-1,
ACTGAATGGCGAAAGT-1,
ACTGATTTAGTGATTC-1,
ACTGCCGTCGTAACTC-1,
ACTGTACGATACACAT-1,
ACTGTAGCACTTTGGA-1,
ACTGTCCAGGATTATA-1,
ACTGTCTTCTTTAGAA-1,
ACTTACCGGGCGCGCA-1,
ACTTATACTTACCCGG-1,
ACTTATTAGGATCGGT-1,
ACTTATTTATGTGCCA-1,
ACTTCGCCATACGCAC-1,
ACTTGACTCCCTCTTT-1,
ACTTGGGACCCGGTGG-1,
ACTTTACCCTCATGAA-1,
ACTTTCCTATAGCTTC-1,
AGAACGTGGTACATTC-1,
AGAAGAGCGCCGTTCC-1,
AGAATGCGGGTTCGGA-1,
AGAATTATGGATTCGA-1,
AGAATTGTTTGACATA-1,
AGACCATGGGATACAA-1,
AGACCCGCCCTCCTCG-1,
AGACGAAGTGCCGGTC-1,
AGACGGGCCGATTTAA-1,
AGACTAGCCTTCCAGA-1,
AGAGAACCGTCTAGGA-1,
AGAGCGGGCTAATCAT-1,
AGAGCGTACAAGCTCG-1,
AGAGGCTTCGGAAACC-1,
AGAGTAAACTTCACTA-1,
AGAGTTAGAGACCGAT-1,
AGATAACTTCAGGGCC-1,
AGATACTCAAGATCGA-1,
AGATCGTGCATAAGAT-1,
AGATCTCAGGTGTGAT-1,
AGATGACTCGCCCACG-1,
AGATGAGGGTTGCGAT-1,
AGATGATGGAGTCTGG-1,
AGCAACATATCTTATT-1,
AGCACCAGTACTCACG-1,
AGCATATCAATATGCT-1,
AGCATCGTCGATAATT-1,
AGCCACTCCCGTGCTT-1,
AGCCCTAAGCGAAGTT-1,
AGCCCTTCTAATCCGA-1,
AGCGACATCCCATTCA-1,
AGCGACCAACGATATT-1,
AGCGCGGGTGCCAATG-1,
AGCGCTTATGGGCAAG-1,
AGCTAGAAGCAGAAGT-1,
AGCTATTTAATCCAAC-1,
AGCTCCTTCGCACATC-1,
AGCTCTAGACGTTCCA-1,
AGCTCTTCCCAGTGCA-1,
AGCTCTTCGTAACCTT-1,
AGCTGAAGTAAACCAA-1,
AGGACAGTCGAATCCC-1,
AGGACGCTCGATGTTG-1,
AGGAGGCCTTCGCGCG-1,
AGGATATAGGGATTTA-1,
AGGCAGATGCGTAAAC-1,
AGGCATTGTCGTAGGG-1,
AGGCCACCCGTTATGA-1,
AGGCCCATTGTACAGG-1,
AGGCTATGGTTAGCTT-1,
AGGGAAACGAGGTACT-1,
AGGGACCGGCTGCGTT-1,
AGGGCAGCGGCGTGGT-1,
AGGGCGTGATCGGCTA-1,
AGGGCTGCAGTTACAG-1,
AGGGTCGATGCGAACT-1,T_agg
AGGGTGCTCTCGAGGG-1,
AGGGTTCCCTTTGGTT-1,
AGGGTTTAGTTCGGGA-1,
AGGTACGATATTGCCA-1,
AGGTATAATTGATAGT-1,
AGGTCGCGGAGTTACT-1,
AGGTTGAGGCACGCTT-1,
AGGTTTCACACACCTT-1,
AGTAACGTTCATCCTG-1,
AGTAATGTCTTGCCGC-1,
AGTACATCATTTATCA-1,
AGTACCTTCGAGTGCT-1,
AGTACGGGCACCTGGC-1,
AGTACGTGGCCTGTCT-1,
AGTAGCTAGACGCCGA-1,
AGTAGGAAGGAAGTTG-1,
AGTATAATACTAGGCA-1,
AGTCAAGATGACACTT-1,
AGTCCATTGGCTGATG-1,
AGTCCCGCCTTTAATT-1,
AGTCGACGGTCTCAAG-1,
AGTCGGCCCAAACGAC-1,
AGTCTAAAGTATACTC-1,
AGTCTGGACATCCTTG-1,
AGTCTTCTCCTCAAAT-1,
AGTGAACAAACTTCTC-1,
AGTGAGACTTCCAGTA-1,
AGTGAGCCTCGCCGCC-1,
AGTGAGGGTTTCTGAC-1,
AGTGATTCAAGCAGGA-1,
AGTGCACGCTTAAGAA-1,
AGTGCTTGCACGAATA-1,
AGTGGCGGCAATTTGA-1,
AGTGTATTGCGCATTG-1,
AGTGTGGTCTATTGTG-1,
AGTTAAGCGGTCCCGG-1,
AGTTACTCTATCGTGG-1,
AGTTCCTACAGAATTA-1,
AGTTCCTATTTATGTT-1,
AGTTTCGCAGGTCGGA-1,
AGTTTGGCACGGGTTG-1,
ATAAAGGCTCGGTCGT-1,
ATAAAGGTCAAGTACG-1,
ATAACGCCGGAGGGTC-1,
ATAACGGAGTCCAACG-1,
ATAAGTAGGATTCAGA-1,
ATAAGTAGGGCGACTC-1,
ATAATAGTGTAGGGAC-1,
ATACGCCGGCGAAACC-1,
ATACGGGTTTCGATTG-1,
ATACGTCCACTCCTGT-1,
ATACTAGCATGACCCT-1,
ATAGACAACGGGACCT-1,
ATAGACGAAGAGAAAG-1,
ATAGAGTACTGGGACA-1,T_agg
ATAGAGTTATCAACTT-1,
ATAGGAATCTAAGCTT-1,
ATAGGCTAGCTTCGCA-1,
ATAGGGATATCCTTGA-1,
ATAGGTTGGGCAGATG-1,
ATAGTCTTTGACGTGC-1,
ATAGTGAAGCGTTCTC-1,
ATAGTTCCACCCACTC-1,
ATATCAACCTACAGAG-1,
ATATCGGTAGGGAGAT-1,
ATATCTCCCTCGTTAA-1,
ATATCTTAGGGCCTTC-1,
ATATGTCTCCCTAGCC-1,T_agg
ATATTCCCACAGGTCA-1,
ATATTTAACCCTCAAG-1,
ATCAAACACTGTTCCA-1,
ATCAATCTGGGCTGCA-1,
ATCACATTAGAATATC-1,
ATCACTTCATCCTCGC-1,
ATCAGGTCGCCATTGC-1,
ATCAGTAGGCAGGGAT-1,
ATCATCCAATATTTGT-1,
ATCCAACGCAGTCATA-1,
ATCCACGCTAAATGTT-1,
ATCGACCCAATACAGA-1,
ATCGACTCTTTCCGTT-1,
ATCGCACGCCGGGAGA-1,
ATCGCCAGTCAACATT-1,
ATCGGCAAGCAGTCCA-1,
ATCGTTCACTTTCGCC-1,
ATCTCCCTGCAATCTA-1,
ATCTGCACCTCTGCGA-1,
ATCTGGTTAAGACTGT-1,
ATCTGTAATTGTACCC-1,
ATCTTGACCTGCAACG-1,
ATCTTGACTTGTCCAA-1,
ATGAAGCCAAGGAGCC-1,
ATGACGCCGGCTCTAA-1,
ATGACTATGCGACATT-1,
ATGAGGAGTGTTAATC-1,
ATGATCGGGAATAGAC-1,
ATGCACTACCGCATTG-1,
ATGCCAATCGCTCTGC-1,
ATGCCATTTGCGACCA-1,
ATGCCGGTCTTGCATA-1,
ATGCCGGTTGATGGGA-1,
ATGCGACAATTGGTCC-1,
ATGCGACAGTCCCATT-1,
ATGCGAGTCCCACCAC-1,
ATGCTCAGTGTTGCAT-1,
ATGGAGCAGGCCGTGA-1,
ATGGATCCGGCGTCCG-1,
ATGGATTGACCAAACG-1,
ATGGCTGGAAATGGCC-1,
ATGGGCCTCGGCCTCT-1,
ATGGTCGCGTGGTTTC-1,
ATGTGCATCCGACGCA-1,
ATTAAACATGCGGACC-1,
ATTAATACTACGCGGG-1,
ATTAATGAACCAGTCG-1,
ATTAATTCGGTCACTC-1,
ATTACAACTACCGGCC-1,
ATTACATGTCAGTCTT-1,
ATTACTAGCCTCTTGC-1,
ATTACTTACTGGGCAT-1,
ATTAGATTCCTCAGCA-1,
ATTAGATTGATAGCGG-1,
ATTAGGCGATGCTTTC-1,
ATTATACTTTGCTCGT-1,
ATTATCTCGACAGATC-1,
ATTATGCCATAGGGAG-1,
ATTCAGGACCTATTTC-1,
ATTCCTAAGACGTGGA-1,
ATTCCTCCGCCAGTGC-1,
ATTCTGAGTATGAACT-1,
ATTCTTCGTACTTATG-1,
ATTGAAGATCTTAGTG-1,
ATTGACGTAACTCGGT-1,
ATTGATGAGTCCTAAC-1,
ATTGCGATCAGTAACT-1,
ATTGCTGCTCCTCCAT-1,
ATTGTACAACTCGGCT-1,
ATTGTCGCAATACCTT-1,
ATTTAACTCGTATTAC-1,
ATTTACTAAGTCCATT-1,
ATTTCATTATTTCGCG-1,
ATTTGTCTTGGGAGCT-1,
ATTTGTTCCAGGGCTC-1,
CAAACGGTCGCACTTT-1,
CAAACGTGGTCTTGCG-1,
CAAACTACGATAGAGA-1,
CAAACTATTGAGCTTC-1,
CAAACTCGCGACGCCG-1,
CAAATTGTCAGCAAGC-1,
CAACGACCCGTTTACA-1,
CAACTATATCGAATGC-1,
CAACTCCTTGATCCCG-1,
CAAGATATTATAACGT-1,
CAAGCACCAAATGCCT-1,
CAAGGATCGCATGTTC-1,
CAAGGTCCTATAGGCT-1,
CAAGTGTGGTTGCAAA-1,
CAATAAACCTTGGCCC-1,
CAATCCCTATACCAGC-1,
CAATGGAATCTACATA-1,
CAATGGATCTCTACCA-1,
CAATTAAGGGTGATGA-1,
CAATTTCGTATAAGGG-1,
CACACGCGCTGTCTTA-1,
CACACGTTTCAATGGG-1,
CACAGCACCCACGGCA-1,
CACAGCTAGGGAGTGA-1,
CACATGATTCAGCAAC-1,
CACATTCTTTCGATGG-1,
CACATTTCTTGTCAGA-1,
CACCATCGGAGGAGAC-1,
CACCCAAATCTTATGT-1,
CACCCACACGTCACCC-1,
CACCCACGAGGCAATT-1,
CACCGATACACCGAGC-1,
CACCGCCAGAAGGTTT-1,
CACCGCCGACCAGCGA-1,
CACCGCGTCCACTCTA-1,
CACCGGAGATATCTCC-1,
CACCTAATAGAGTCGT-1,
CACCTAATCAGTTTAC-1,
CACCTCGATGGTGGAC-1,
CACCTTGCGAAACTCG-1,
CACCTTGGCGCCTTTG-1,
CACGCACAGCGCAGCT-1,
CACGCAGCGAGGCTTT-1,
CACGCGGAACTGTTGC-1,
CACGGCGCGCCAAAGG-1,
CACGTCTATGATGTGG-1,
CACGTTCGTGCTCTAG-1,
CACTAAAGTTGCCTAT-1,
CACTACTCAGTTCTGT-1,
CACTCAAGAGCTATGG-1,
CACTCAGCTCTTGAGG-1,
CACTCCTCTCGGTCGG-1,
CACTGTCCAAGTGAGA-1,
CACTTCGCCACAGGCT-1,
CAGAACTTAGCCCTCT-1,
CAGACCTGTAAGTGTT-1,
CAGAGCATGAGCTTGC-1,
CAGAGTGATTTAACGT-1,
CAGATACTAACATAGT-1,T_agg
CAGATCATTTAAAGTC-1,
CAGCAGCCCGTTCCTT-1,
CAGCAGTCCAGACTAT-1,
CAGCCCTCACAGGCAG-1,
CAGCCGGGCCCTCTAT-1,
CAGCCTCCTGCAGAGG-1,
CAGCCTCTCCTCAAGA-1,
CAGCTCACTGAGACAT-1,
CAGCTCGACAAGTTAA-1,
CAGGAAGACTTTATAT-1,
CAGGATATATCGTTGT-1,
CAGTAACTATTTATTG-1,
CAGTAATCCCTCCCAG-1,
CAGTACATTCTCTAAA-1,
CAGTAGCCCACGCGGT-1,
CAGTCGAGGATGCAAT-1,
CAGTCTGTATACTGGG-1,
CAGTGAATAAATGACT-1,
CAGTGGTTGCACATGA-1,
CAGTGTCGGCTGGCCC-1,
CAGTTCAAATTGACAC-1,
CATAACGGACAGTCGT-1,T_agg
CATACGGCGTCTGGGC-1,
CATACTATGTAATTGT-1,
CATAGTACATTGAGAG-1,
CATAGTAGCATAGTAG-1,
CATATACTACTGATAA-1,
CATATTATTTGCCCTA-1,
CATCATCTACCCGGAC-1,
CATCATTACCCTGAGG-1,
CATCGGACGGGTTAAT-1,
CATCTACCCGAGAACG-1,
CATCTATCCCGTGTCT-1,
CATCTTACACCACCTC-1,T_agg
CATGAACCTCTTATCA-1,
CATGACTTCGCTGAAT-1,
CATGATGCACAATTCT-1,
CATGATGGAAGTTAGC-1,
CATGCATGGAGACCCT-1,
CATGCGACCAGTTTAA-1,
CATGCGTTAGACAGAA-1,
CATGCTGGCTCCAATT-1,
CATGGAAATGGGACCA-1,
CATGGCAGGAAGATCG-1,
CATGGGTCGGGTGTGG-1,
CATGGTCTAGATACCG-1,
CATGTAGGAGCGCCAA-1,
CATGTCTCATTTATGG-1,
CATTACGTCGGCCCGT-1,
CATTATGCTTGTTGTG-1,
CATTCACTGACAGCTA-1,
CATTTAGCGGACCATG-1,
CATTTATCGTTCAAGA-1,
CATTTCTAGCAGACTA-1,
CCAAACAGAACCCTCG-1,
CCAACGCTTGCCAGGG-1,
CCAAGACTTCTGCGAA-1,
CCAAGCGTAACTCGTA-1,
CCAATAGTGCCGTCGA-1,
CCAATCGGTAGATCGA-1,
CCAATGTCACAGCAAG-1,
CCAATTACGGGTCGAG-1,
CCAATTGAATGTTAAT-1,
CCACAGTACCCATCCT-1,
CCACCCAAGGAAAGTG-1,
CCACGAGAAGAGAATC-1,
CCACGGTGCCCGGTAG-1,
CCAGATAGTTGAGTGA-1,
CCAGCCTGGACCAATA-1,
CCAGGGACGTGGCCTC-1,
CCAGTAGTCTGATCCA-1,
CCAGTCTAGACGGCGC-1,
CCATAAACAACCCGAC-1,
CCATACCTTTACTTGT-1,
CCATAGGTTGGCGTGG-1,
CCATCTCACCAGTGAA-1,
CCATGCCTGTTTAGTA-1,
CCATGCTCTGCAGGAA-1,
CCATTAGCGATAATCC-1,
CCCAAACATGCTGCTC-1,
CCCAACCACACTAACA-1,
CCCAGAGGAGGGCGTA-1,
CCCAGTTAAGGCGCCG-1,
CCCGACCATAGTCCGC-1,
CCCGAGTTTCTCCGTA-1,
CCCGCAGGGCCCAAAG-1,
CCCGCCATGCTCCCGT-1,
CCCGCGCAATGCACCC-1,
CCCGTCAGCGTCTGAC-1,
CCCTCCTCGCTCGTAT-1,
CCCTGGTATGGGCGGC-1,
CCGAAAGTGGTGAGCA-1,
CCGACGTAAACACAAC-1,
CCGAGCTGTGCTTGTC-1,
CCGAGGGATGTTAGGC-1,
CCGATCTCAACCTTAT-1,
CCGCACAAAGACCAAC-1,
CCGCCACCACAATCCA-1,
CCGCCGGTCAACACAC-1,
CCGCCTGCGAATTGGT-1,
CCGCTATCAGCACCAG-1,
CCGCTGGTGCCATTCA-1,
CCGGAATGGTTTCAGT-1,
CCGGCACGACCGTTTC-1,
CCGGCGCATATTGGAT-1,
CCGGGACCCGCAGAGA-1,
CCGGGCGGTCTCGTCA-1,
CCGGGCTGCTCCATAC-1,
CCGTAAGTTGGTCCCA-1,
CCGTATTAGCGCAGTT-1,
CCGTTACGTTAGAACA-1,
CCTAAAGGCTGACGCT-1,
CCTAAATTAACGGTTC-1,
CCTAACCCAAACAAGT-1,
CCTAACTAAGGCTCTA-1,
CCTACAAGTCCGGAAT-1,
CCTACTGCTTACACTT-1,
CCTAGGCGTAGCGATC-1,
CCTAGTTAGTCGCATG-1,
CCTATCTATATCGGAA-1,
CCTATGAAGTGGTGCC-1,
CCTATGGGTTACCGTC-1,
CCTCACCTGAGGGAGC-1,
CCTCACCTTAGCATCG-1,
CCTCCCGACAATCCCT-1,
CCTCGAAGTGGACGGG-1,
CCTCGCCAGCAAATTA-1,
CCTCGCGCGATATAGG-1,
CCTCGGACCGGGATAG-1,
CCTCGTTACGCCTGTT-1,
CCTCTAATCTGCCAAG-1,
CCTCTGGCCTAGACGG-1,
CCTGAACGATATATTC-1,
CCTGAATATTTACATA-1,
CCTGCTATTTGAGAAG-1,
CCTGGCTAGACCCGCC-1,
CCTGTCACCCGGGCTC-1,
CCTGTCGCCCGTAAAT-1,
CCTTCTTGATCCAGTG-1,
CCTTTCAATGAAGAAA-1,
CGAAACATAGATGGCA-1,
CGAACAGTATGGGCGT-1,
CGAACGCCCAGTGCCG-1,
CGAAGCTATAAATTCA-1,
CGACAATTTGATCTAA-1,
CGACACGCTCCGACAG-1,
CGACATGCGATCTTCT-1,
CGACTCAGGATGTTAT-1,
CGACTTTGTATAGCCT-1,
CGAGACCCTAGAGTGT-1,
CGAGAGATGTGAACCT-1,
CGAGCACTTCAAGTTT-1,
CGAGCTGGGCTTTAGG-1,
CGAGGCTAAATATGGC-1,
CGAGGGACTGCGGTCG-1,
CGAGTTCTGTCCCACC-1,
CGAGTTTATCGGACTG-1,T_agg
CGATCCGACCCAGTGC-1,
CGATGGACCCTACGCC-1,
CGCAAACACGAGTTAC-1,
CGCAATTACTTTCGGT-1,
CGCAATTAGGGTAATA-1,
CGCACATGTCCACTAC-1,
CGCACGTGCGCTATCA-1,
CGCATCATGGCTTCAG-1,
CGCATGGTGCGATGCT-1,
CGCCATCCGATTATGA-1,
CGCCCGCTTCCGTACA-1,
CGCCGCCCATGCCTGT-1,
CGCCTCCCTCCTCTAT-1,
CGCGAGAGGGACTTGT-1,
CGCGCCCGACTTAATA-1,
CGCGGCTCAACTTGAA-1,
CGCGGGAATTAGGCAG-1,
CGCGGTCACAAACCAA-1,
CGCGTTCATGAAATAC-1,
CGCTACGGGACATTTA-1,
CGCTATTCAATGTATG-1,
CGCTATTCTTAGGCTC-1,
CGCTCGACATAATGAT-1,
CGCTGGTGACTACCCT-1,
CGCTGTGACGCCGCAC-1,T_agg
CGCTTCCACTGAAATC-1,
CGGAAATTTCACATCC-1,
CGGAGCATGGCGATCC-1,
CGGAGCTTATAACACC-1,
CGGCACCGTTAGCGCC-1,
CGGCAGGGTCGGGTTG-1,
CGGCCACGCACAAAGT-1,
CGGCCCAGGTATATCC-1,
CGGCTCTAAAGCTGCA-1,
CGGCTCTTCGTCGAAC-1,
CGGCTGCAAGATTAAG-1,
CGGGAATATAGTATAC-1,
CGGGAATTTATGTAAA-1,
CGGGAGCTTCAGTGTA-1,
CGGGATCAATGTAAGA-1,
CGGGCAGCTAAACCGC-1,
CGGGTGTACCCATTTA-1,
CGGGTTCGGCACGTAT-1,
CGGTACTAGAATCAAA-1,
CGGTAGAGGTGCAGGT-1,
CGGTATAGGTATTAGC-1,
CGGTCAAGTGGGAACC-1,
CGGTCTATCAACCCGT-1,
CGGTGGGCTCCAGCCT-1,
CGGTTATCCAACAGTG-1,
CGGTTCAAGTAGGTGT-1,
CGGTTGGGTTCAAGTT-1,
CGGTTTATGAAGGAAC-1,
CGTACCTGATAGGCCT-1,
CGTAGCGAATTGTCAG-1,
CGTATTAAGAGATCTA-1,
CGTCGGATAGTGTTGA-1,T_agg
CGTCTGGAAGGGCCCG-1,
CGTGAAGTTAATTCAC-1,
CGTGACATTGGGTCGT-1,
CGTGCAGACTGGGACA-1,
CGTGCCCTCCCGAAGA-1,
CGTGGCCGAATATCTA-1,
CGTGTCCCATTCGCGA-1,
CGTTAGCTCACAACTG-1,
CGTTCTTCGCACACCT-1,
CGTTGAGTAATTGCGT-1,
CGTTGTAAGATTGATT-1,
CGTTTAAGCGGAGCAC-1,
CGTTTCACTTCGGGCG-1,
CTAAAGGGAAATAGGA-1,
CTAAATCCTATTCCGG-1,
CTAACGAAACTTGCTG-1,
CTAAGTACAGGGCTAC-1,
CTAATTCTCAGATATT-1,
CTAATTTCAACAACAC-1,
CTACCCTAAGGTCATA-1,
CTACGAACTAGGTCGA-1,
CTACGCACGGAGTACC-1,
CTACGCCATTTCCGAT-1,
CTACTATCTTTCAGAG-1,
CTACTGCCACCTGACC-1,
CTAGACATATATGTAG-1,
CTAGACTGCATTTCGT-1,
CTAGATGTGAGTGTAA-1,
CTAGATTTACGACGGC-1,
CTAGCATAGTATAATG-1,
CTAGCCGATGTTATGA-1,
CTAGGCGCCCTATCAG-1,
CTAGGTCTGAAGGAAT-1,
CTAGTATTCGGAATTA-1,
CTAGTCACGTCTTAAG-1,
CTAGTTGGGCCCGGTA-1,
CTATAAGAGCCAATCG-1,T_agg
CTATCGACGAAATACA-1,
CTATCGGGTCTCAACA-1,
CTATGTCACTAGCCCA-1,
CTATTGTGTTTGGTCA-1,
CTATTTGGTTACGGAT-1,
CTCAAGACATTAGCGC-1,
CTCAGTCACGACAAAT-1,
CTCATGGCTCACAATC-1,
CTCATTTGATGGGCGG-1,
CTCCGGCCTAATATGC-1,
CTCGAATGGAACGTAT-1,
CTCGAGGTCGAACAGT-1,
CTCGATATTTGCGAGC-1,
CTCGCACCTATATAGT-1,
CTCGGTACCACTGCTC-1,
CTCGGTCCGTAGCCTG-1,
CTCGTTTCTAATGTTT-1,
CTCTCACAATCGATGA-1,
CTCTCGATGTGCGCCT-1,
CTCTGGACGCCTGGTG-1,
CTCTGTTTGAGGATTC-1,
CTCTTCTATTGACTGG-1,
CTGAAAGAGATCCGAC-1,
CTGAATTTATTGCCAG-1,
CTGACTGCGCAGCTCG-1,
CTGCCAAGGTTGGAAG-1,
CTGCCATGCATCACAT-1,
CTGCCTAGCCACCAAG-1,
CTGCGGTAGTCACGTG-1,
CTGCGTTACGATATAA-1,
CTGGAAATGGATGCTT-1,
CTGGAAGACACGGTGG-1,
CTGGCGACATAAGTCC-1,
CTGGCGCACAGGTCTG-1,
CTGGCGGGAATAAGTA-1,
CTGGCTGATTCATCCT-1,
CTGGGATAAATAATGG-1,
CTGGGCTATCCTTTGG-1,
CTGGGTAGGCAGTTAA-1,
CTGGTAACACATAGAA-1,
CTGGTAACGAGCTCTT-1,
CTGGTCCTAACTTGGC-1,
CTGGTTTCGAGCAAGA-1,
CTGTACTTCTTAGCAT-1,
CTGTATGGTGTAGAAA-1,
CTGTCAAATGGCTCGG-1,
CTGTCACGCCAGGCGC-1,
CTGTGCAGGGTAGGTC-1,
CTGTTCACTGCCTGTG-1,
CTGTTCATCTCACGGG-1,
CTTAACTTCGAAGTAC-1,
CTTACACGGTATTCCA-1,
CTTACACTGGGAAATA-1,
CTTAGCCTTCCACATG-1,
CTTAGTAGGCCTACAG-1,
CTTCATTGTCAGTGGA-1,
CTTCTTACGTCGTATA-1,
CTTGAGTTAGGGTAAT-1,
CTTGTACTTGTTGACT-1,
CTTGTGCTCACCGATT-1,
CTTGTTGCTGAGTCAA-1,
CTTGTTTATGTAGCCA-1,
CTTTAACTTTCAAAGG-1,
CTTTACCGAATAGTAG-1,
CTTTAGGAACACTGTT-1,
CTTTAGTGCTATTATT-1,
GAAACAGATGACCACC-1,
GAAACAGCCATGCAGT-1,
GAAACCATGGTGCGCT-1,
GAAACTCTAATGAAGG-1,
GAAAGAACAGCGTTAT-1,
GAAAGTGACTAACTGC-1,
GAAATACCTGCTGGCT-1,
GAAATACTAAACGTTT-1,
GAAATCGCGCGCAACT-1,
GAAATGGCGGTGTTAG-1,
GAAATTAGCACGGATA-1,
GAACACACATCAACCA-1,
GAACGACCGAATGATA-1,
GAACGTCTCATGGTCG-1,
GAACTTAGCGCCCGGT-1,
GAAGACTTCAATGCCG-1,
GAAGCGTGAGGAATTT-1,
GAAGTCTCCCTAGCGA-1,
GAAGTGCTGGATAGCT-1,
GAAGTTTCCACTCAAT-1,
GAATAGACGCGACCCA-1,
GAATAGCCCTGCGGTC-1,
GAATATTCGGAGTCCC-1,
GAATCGACATGGTCAC-1,
GAATCTGAACATTCTC-1,
GAATGTATGGCAGGTC-1,
GAATGTGGTCCGGATT-1,
GAATGTTGGGTAATCT-1,
GAATTATAGTGAAAGG-1,
GACAAACATATGCAGG-1,
GACAACGACCATTGAA-1,
GACAACGCAGCTTACG-1,
GACACAAGGGAAGAAA-1,
GACACGAGTTAGAGGA-1,
GACAGCCAGACCTGAC-1,
GACCAGAGCCCTGTAG-1,
GACCCGTCGCCGGCTA-1,
GACCGTCAGGTCGTGA-1,
GACGGTCAATAGAAGC-1,
GACTAACACAGCACCT-1,
GACTAAGATCATGCAC-1,
GACTAAGTAGGCTCAC-1,
GACTACAATTGCTCGT-1,
GACTCACCCACGTGAG-1,
GACTCCCAGAATAAGG-1,
GACTCGCGGGAATGAC-1,
GACTCGGTCGGCGGAT-1,
GACTGATTGGTCACAA-1,
GACTGCACCAGCCCAG-1,
GACTGGGCGCCGCAAC-1,
GAGATCTGCTTGGCAT-1,
GAGATCTGTCACTCCG-1,
GAGCCGAGCGTTTATT-1,
GAGCGAGGGAGTACCG-1,
GAGCGCGCACGAGTAG-1,
GAGCTAAGGGCATATC-1,
GAGCTGTCGTCTCGGA-1,
GAGGGCGCAGCTCTGC-1,
GAGGTACATCCATCTT-1,
GAGGTCCCAAAGATCT-1,
GAGTGTGCGGTACCCA-1,
GATAACTCGCACTGTG-1,
GATATCTCATGCAATA-1,
GATATGAGACACTAAC-1,
GATATGCGGTAGCCAA-1,
GATATTGAGATTGGCG-1,
GATATTTCCTACATGG-1,
GATCATTCCAAACATT-1,
GATCCGGGAATTAACA-1,
GATCCTAAATCGGGAC-1,
GATCCTCTTGCGCTTA-1,
GATCGACACTATCTGA-1,
GATCGCTACCCGATTT-1,
GATCGGTGGCCATAAC-1,
GATCGTGACTGATATC-1,
GATCTTGGAGGGCATA-1,
GATGCGTCCTGCATTC-1,
GATGCTACAAGCGCCT-1,
GATGCTGTATTTCATC-1,
GATGGCGCACACATTA-1,
GATGGTGCCCTAGGCA-1,
GATGTCGGTCAACTGC-1,
GATGTGTTGTCACAAG-1,
GATGTTTGTGCGAGAT-1,
GATTCCCTTGTCGCAG-1,
GATTCCGCGTTTCCGT-1,
GATTCGACGGTTCACG-1,
GATTGACACTCTGCTC-1,
GCAAACCCTACATTAT-1,
GCAACAGCAGTATGCG-1,
GCAACCACCAGACCGG-1,
GCAAGATGTGTTCGCG-1,
GCAAGTGCACAGAGAA-1,
GCACAAGTGTCGGAAG-1,
GCAGACCCAGCACGTA-1,
GCAGATCCATAAGACT-1,
GCAGATTAGGGATATC-1,
GCAGGTAGAGTATGGT-1,
GCATAGAGCACTCAGG-1,
GCATCGGCCGTGTAGG-1,
GCATGAGGGACGCGGC-1,
GCATTCAAGGCAACGC-1,
GCATTTCCAAGGCTCC-1,
GCCAACCATTTCCGGA-1,
GCCAATAGGGCATCTC-1,
GCCAGGAGTAACCGAT-1,
GCCAGGCGTTCGCATG-1,
GCCATATTGCACACAG-1,
GCCATCGATGCTGCAT-1,
GCCCAGTTGGTATGCC-1,
GCCCGCGCGTTTGACA-1,
GCCCGTAATACCTTCT-1,
GCCGAAATTCCTACGT-1,
GCCGATTGGCCAAGCT-1,
GCCGGGTTAGGGTCGC-1,
GCCTAGCGATCTGACC-1,
GCCTATAGTGTCAGGG-1,
GCCTATTCCGATATAG-1,
GCCTCATCTGGAAATA-1,
GCCTGCTACACTGAGA-1,
GCCTTCAGCCCTACCG-1,
GCGAAACTTAACTGGA-1,
GCGAAGCCATACCCGT-1,
GCGACATGTAAACATC-1,
GCGAGCGCATGCTCCC-1,
GCGAGGCCCGAGCAGA-1,
GCGAGTTCTGCAAAGA-1,
GCGATTCTGGAAGCAG-1,
GCGATTGTTAACGTTA-1,
GCGCAAGAGCGCGCTG-1,
GCGCATCCAGTCAGCA-1,
GCGCCGTTCCACGATA-1,
GCGCCTCCCACTCCGA-1,
GCGCTAATTGAATAGA-1,
GCGCTGATCCAGACTC-1,
GCGCTGCTTTGCATTT-1,
GCGGGAACCAGGCCCT-1,
GCGGTGAACTGCGCTC-1,
GCGTAAATGGCCATAA-1,
GCGTCGAAATGTCGGT-1,
GCGTGGTACTGGGTTA-1,T_agg
GCGTTCGGAGACCGGG-1,
GCTAAGTAGTTTCTCT-1,
GCTAATACCGAATGCC-1,
GCTACGACTTATTGGG-1,
GCTACTATAGTAGAGT-1,
GCTAGACCGTCTACTG-1,
GCTAGCAGGGAGTGGG-1,
GCTAGTAGAGCTTGTA-1,
GCTATACGTCTCGGAC-1,
GCTATCGCGGCGCAAC-1,
GCTCATTACTGCATGT-1,
GCTCCGGACGTTGATA-1,
GCTCGGAATTTAAAGC-1,
GCTCTAAACCCTGACG-1,
GCTCTATGTTACGTGC-1,
GCTCTCGGGTACCGAA-1,
GCTGAGGCGTGAGTAT-1,
GCTGCACGGTTTCTTA-1,
GCTGCTCTCCGGACAC-1,
GCTGGACCCAAAGTGG-1,
GCTGTTGCTACCGAAC-1,
GCTTAATGTAACTAAC-1,
GCTTATGAAGCAGGAA-1,
GCTTCCGTCCCTAGAC-1,
GCTTGATGATAATCAG-1,
GCTTGGATCGATTAGG-1,
GCTTTCAGAGGAGGTG-1,
GGAAACCTTGTTGAAT-1,
GGAAAGTGCCCATGCC-1,
GGAAGCTCGCTTACAG-1,
GGAATAACCTCAAGAA-1,
GGAATGCGCTAGCGTG-1,
GGACACAAGTTTACAC-1,
GGACCTACGGTAACGT-1,
GGACGGCTTGCGCAAC-1,
GGAGAAGTCATTGGCA-1,
GGAGACGACACCTTTG-1,
GGAGCACCAAGAACTA-1,
GGAGGATTGAAAGGAG-1,
GGAGGGCTTGGTTGGC-1,
GGAGTGCCGCCCTGGA-1,
GGATCATCCCGTACGC-1,
GGATCCGGAATATACT-1,
GGATGAAGATCGCTGA-1,
GGATGTCCTTACCGCA-1,
GGATTAAGCTAAGGTC-1,
GGATTCAGTACGGTGG-1,
GGATTCCGCTATACCC-1,
GGATTTCACTTCTATA-1,
GGCAAGGCGAAATAGC-1,
GGCAATAGTCAATGAG-1,
GGCACTCCACTGGGCA-1,
GGCAGCGGTAATCCTA-1,
GGCATATCGGTTCTGC-1,
GGCGAAATCTAACTTG-1,
GGCGGAGTAATATTAG-1,
GGCGGTAGGATCATTG-1,
GGCTAAAGGGCGGGTC-1,
GGCTATTAAGTTGTAT-1,
GGCTCGCGTTGAGGTA-1,
GGCTCGTGCCACCAGC-1,
GGCTCTGCTCCAACGC-1,
GGCTGAGCATCGTAAG-1,
GGGAATGAGCCCTCAC-1,
GGGACTGCATAGATAG-1,
GGGAGAACTCACAGTA-1,
GGGAGGATGCCCGAAA-1,
GGGAGTTAATGAGGCG-1,
GGGATTTACCGCACCT-1,
GGGCCGGCCGAAGTAC-1,
GGGCGTACATTTATAT-1,
GGGCGTCCACTGGCTC-1,
GGGCTCATCGAACCCA-1,
GGGCTGCCTAGGGCGA-1,
GGGCTGGTTAGTCGCG-1,
GGGTCACCGTGACGGT-1,
GGGTGGTCCAGCCTGT-1,
GGGTGTTTCAGCTATG-1,
GGGTTTAGGATAGGAT-1,
GGTAAATGTGCGTTAC-1,
GGTACAAACATGCTAT-1,
GGTACCATTAAGACGG-1,
GGTAGTGCTCGCACCA-1,
GGTATTGCCGAGTTTA-1,
GGTCGGATAAACGGCG-1,
GGTCGGCCAGGAGCTT-1,
GGTCTGAGAATCTGGA-1,
GGTGATAAGGAGCAGT-1,
GGTGCAGAGCCTATCG-1,
GGTGGACCACGTGTTA-1,
GGTGTTCTGTTTCTAC-1,
GGTTAGCTATATGTCT-1,
GGTTAGGCTTGGAGAA-1,
GGTTCTACTCGTCTGA-1,
GGTTTACAATCTCAAT-1,
GGTTTAGCCTTTCTTG-1,
GGTTTCAATCGGTCAG-1,
GTAAGCGGGCAGTCAG-1,
GTAAGGATTTGTCGGA-1,
GTAAGTAACAGTCTGG-1,
GTAAGTAGGGTATACC-1,
GTAATAAAGGGCTCCC-1,
GTACACTTACCTGAAG-1,
GTACAGAGGCAAGGGT-1,
GTACGAGATTGCGACA-1,
GTACGTCACGTATTAA-1,
GTACGTTTGCCCGTCA-1,
GTACTAAGATTTGGAG-1,
GTACTCCTGGGTATGC-1,T_agg
GTACTGGAGTTAGACC-1,
GTAGCGGCTATACACT-1,
GTAGCTTCCTCTTGTT-1,
GTAGGTGATCCGTGTA-1,
GTAGTCGCGGGAATCA-1,
GTATAGGACTCAGTAG-1,
GTATAGTGGCCCATGT-1,
GTATCAGCTTGGGTTC-1,
GTATCTTTCATAACCA-1,
GTATGTGGGTCTAGTT-1,
GTATTAAGGCGTCTAA-1,
GTATTAGGGTTCGCGT-1,
GTCAAGCGGACTCGGG-1,
GTCACAAAGTTTCCAA-1,
GTCACTCTCCAAATCT-1,
GTCAGTTGTGCTCGTT-1,
GTCATGCACCTCCGTT-1,
GTCATGGACATGACTA-1,
GTCATTAGAGCGAACG-1,
GTCCATTACTGCTACG-1,
GTCCCAACGTAAAGTA-1,
GTCCGGCTGAATTGCG-1,
GTCCTTCTAGTGGGTT-1,
GTCCTTTAATGACTTC-1,
GTCGCGTAACCCGTTG-1,
GTCGGATGTAGCGCGC-1,
GTCGTATTGGCGTACA-1,
GTCGTGTCTGGTCATC-1,
GTCTATTGGTTCCGGT-1,
GTCTCGATCTGCTTTC-1,
GTCTTAGTACAGCCGG-1,
GTGAAACGGCGCCACC-1,
GTGAACTCCCATTCGA-1,
GTGAAGATTTCAAGTG-1,
GTGAAGCCGTATAGTC-1,
GTGACCGCACACTACG-1,
GTGAGGACACTTAAGG-1,
GTGAGGAGCGGTTGAG-1,
GTGATCACTAACGCCT-1,
GTGATGCACAACATCT-1,
GTGCAACAAATGTGGC-1,
GTGCACGAAAGTGACT-1,
GTGCCCGTTCGGATTC-1,
GTGCCTCAGTGTACGG-1,
GTGCGACAGGGAGTGT-1,
GTGCGGGTCTCCAAAT-1,
GTGCGTGTATATGAGC-1,
GTGCTCAAGTACTGTC-1,
GTGGAACCTACATGCG-1,
GTGGGCTTAGACACAC-1,
GTGGTCAGCGAAGTAT-1,
GTGGTGGCCAAGTGAA-1,
GTGGTTACTTCTTTCG-1,
GTGTACCTTGGCTACG-1,
GTGTGAATAACTTAGG-1,
GTGTTACTATGCGTCC-1,
GTTAAAGTAGGACTGG-1,
GTTAGAGTGTGCCGCT-1,
GTTAGCCGTAAATCAA-1,
GTTCAATCTATGTCAA-1,
GTTCATCGTTTGGCTG-1,
GTTCCAGTCTGACCAT-1,
GTTCGCCATAAGTGCC-1,
GTTCGGATCGGGAACA-1,
GTTCGGGCGTACCATT-1,
GTTCGTCTAAAGAACT-1,
GTTCTTCCCTCGATGT-1,
GTTGCACGGAGTTTCG-1,T_agg
GTTGGATTCAGTGGCT-1,
GTTGGATTGAGAACAC-1,
GTTTCCTGGAGGGTGA-1,T_agg
GTTTCTGCAGTCTCCC-1,
GTTTGACCAAATCCTA-1,
GTTTGGCCCAAGTTAT-1,
TAAAGCGTTAGGAGAA-1,
TAAAGCTGCAATAGGG-1,
TAAATGAATCCGTTTC-1,
TAAATGCCGTCTCATG-1,
TAACAAAGGGAGAAGC-1,
TAACATACAATGTGGG-1,
TAACCTACCGTCCGAG-1,
TAACTATCGAAGGTCC-1,
TAACTATTACGCCAAA-1,
TAACTCCATGGAGGCT-1,
TAAGGCAACATAAGAT-1,
TAAGGCTGAATCCCTC-1,
TAAGTAAATGTGCCGC-1,
TAATAAACAAGGAGAT-1,
TAATACACAGTAGTAT-1,
TAATAGTGACGACCAG-1,
TAATATTGAAATTCGC-1,
TAATCGATCCGTACGT-1,
TAATTGGAATCGGGAA-1,
TACATAGGCATACACC-1,
TACATTTCTAACGTGC-1,
TACCAGCTAGGTTTAA-1,
TACCGCGGACTTGCAG-1,
TACCTCACGCTTGTAC-1,
TACGACTGCCTCTTAG-1,
TACGCCATATTCTAAT-1,
TACGCTATAGAAACCT-1,
TACGGGATGCTAGCAG-1,
TACGTGCACTATGCTG-1,
TACTCTCCGAACAAAT-1,
TACTGCAATCAATTAC-1,
TACTTGTTAGTAGTCC-1,
TACTTTACTGAGCCGG-1,
TAGAAACCACTAAGTA-1,
TAGAAAGGTGGCGCTA-1,
TAGAATTAAGGGCAAC-1,
TAGACGCCCGTACCGG-1,
TAGACTACCTAGCGTT-1,
TAGATCCGAAGTCGCA-1,
TAGCAACCTGTCACAA-1,
TAGCCATTTCAAAGTC-1,
TAGCCGGCGGTCAGCG-1,
TAGCGTCCCTCGATTG-1,
TAGCGTTGGGTCTTAC-1,
TAGGAACAGCCTCCAG-1,
TAGGCATGTTACGCCA-1,
TAGGGAGCTTGGGATG-1,T_agg
TAGGGTGTTTCAAGAG-1,
TAGGTCGCCGGAACTG-1,
TAGGTGCTCGCCTAGC-1,
TAGGTTCGAGTTCGTC-1,
TAGTCCGCAGAGAATG-1,
TAGTCGATCACGGGTT-1,
TAGTCTGTGACGTTGC-1,
TAGTGCCCTCCAGAGT-1,
TAGTTAAGATAGGATA-1,
TAGTTTATTCTTGCTT-1,
TATAAATCCACAAGCT-1,
TATAAGTGAGGATAGC-1,
TATAGATGGTCGCAGT-1,
TATATCCCTGGGAGGA-1,T_agg
TATATTACAAATGTCG-1,
TATATTCGCGTCGATA-1,
TATCACAGCACGGGCA-1,
TATCACCATGTAAAGT-1,
TATCACCCAACCGACC-1,
TATCACTTCGAGTAAC-1,
TATCCATATCATGCGA-1,
TATCCTGCATGGGAAT-1,
TATCGATCTATGCATA-1,
TATCGATGATTAAACG-1,T_agg
TATCTACCACAGCGGG-1,
TATGATAAATCTAACG-1,
TATGCTCCCTACTTAC-1,
TATGGATGTGCTACGC-1,
TATGGGACCGAGCAGG-1,
TATGGGTACGTATCGT-1,
TATGGTCTGAGTAACA-1,
TATGGTTAGTGGGAGA-1,
TATGTCAAGACCGACT-1,
TATGTCTCATTGTGCC-1,
TATTACCATCCTGCTT-1,T_agg
TATTCAATTCTAATCC-1,
TATTCGTGCCAGAATA-1,
TATTTAGTCTAGATCG-1,
TATTTATACCGAGTAG-1,
TATTTGTTACCCTTTA-1,T_agg
TCAAACAACCGCGTCG-1,
TCAAACTTAGATTGTT-1,
TCAACCATGTTCGGGC-1,
TCAAGGTTACTACACC-1,
TCACAGGTTATTGGGC-1,
TCACCGCTCGGCACTC-1,
TCACGCATTGTAGATC-1,
TCACGTGCCCGATTCA-1,
TCACTACGACCAATGC-1,
TCACTCGTGCAACGGC-1,
TCAGAACCTCCACAGG-1,
TCAGCAAATGCATCTC-1,
TCAGGGTGCACGAAAC-1,
TCAGGGTGTAACGTAA-1,
TCAGGTTCTTTGAGAA-1,
TCAGTACTGACCCGCG-1,
TCATACTTACAGATCC-1,
TCATCACTCGAGCTCG-1,
TCATCCCAGAGGGTGG-1,
TCATGCAGGTTCTCAT-1,
TCATTCGTATAATTTG-1,
TCATTTAAGTCTCCGA-1,T_agg
TCCACTTTATCTAGGT-1,
TCCAGAGCACCGGTTC-1,
TCCAGGCGAGTACGGT-1,
TCCATTGTGACCTCGT-1,
TCCCAAACAGACAACG-1,
TCCCAAAGACGAAGGA-1,
TCCCACTCTCTTCCGG-1,
TCCCAGCTTTAGTCTG-1,
TCCCAGGCTTAGCTAA-1,
TCCCGCGTACTCCTGG-1,
TCCCGTCAGTCCCGCA-1,
TCCCGTGTGCAATTTG-1,
TCCCTTAGATTACTCG-1,
TCCGAAGTAGTCACCA-1,
TCCGATAATTGCCATA-1,
TCCGATGACTGAGCTC-1,
TCCGATGGTGCGACAT-1,
TCCGCGGCAGCATCTG-1,
TCCGGAGGAAGGGCTG-1,
TCCGGCCTAGCGTACA-1,
TCCGTTTAGCCTTGAA-1,
TCCTACATCCACGGCC-1,
TCCTCGGGCTGGGCTT-1,
TCCTCTACGAGATGGC-1,
TCCTCTGGCCCATTAG-1,
TCCTGCCAACTGGAGA-1,
TCCTGGCGCTGCCTGG-1,
TCCTTACGACGGTCCG-1,
TCCTTCAGTGGTCGAA-1,
TCCTTTCTTACGCTTA-1,
TCGAAATTTAGGACCA-1,
TCGAAGAACCGAGCAC-1,
TCGCCCAACTGACTCC-1,
TCGCCGGTCGATCCGT-1,
TCGCTAAACCGCTATC-1,
TCGCTCGATATATTCC-1,
TCGCTGGGCGGATTGT-1,
TCGCTTTAAACGTTTG-1,
TCGGAATGACCATCAA-1,
TCGGACGCCCAGCCCA-1,
TCGGAGTACATGAGTA-1,
TCGGCGAACCCAAACC-1,
TCGGGAACGTGCCTAG-1,
TCGGGCCGTCGTGGTA-1,
TCGGTCCCTGACTCCA-1,
TCGGTGACCGCTCCGG-1,
TCGGTTAGCCATGTAG-1,
TCGTAAGACGACATTG-1,
TCGTAAGCTCCGAGGA-1,
TCGTATAGTGCAATTA-1,
TCGTATTTCGTCCGGA-1,
TCGTCCGCTGGCGTCT-1,
TCGTCTTAGGCGTTAA-1,
TCGTTCGTTATTATGT-1,
TCTACACGTTCATGCA-1,
TCTACCGTCCACAAGC-1,
TCTAGGTGGCGACGCT-1,
TCTAGTGATATCGTGG-1,
TCTAGTTATCAGAAGA-1,
TCTATCATGCAGTTAC-1,
TCTATCGGTCGCAACA-1,
TCTCATGAGATAGGGT-1,
TCTCCAACGTAGGTTA-1,
TCTCGAACGAGGTCAC-1,
TCTCTAATAGCTGGTA-1,
TCTGAACCGGTCGGCT-1,
TCTGAACTCGTACCCG-1,
TCTGAATTCCGTACAA-1,T_agg
TCTGATGTATTCTGTC-1,
TCTGCCAGAAACTGCA-1,
TCTGGGAACCTTTGAA-1,
TCTGTGCCATCATAGT-1,
TCTTACCGGAACTCGT-1,
TCTTACGGCATCCGAC-1,
TCTTACTTATGCCTCT-1,
TCTTAGAGCTCCAATT-1,
TCTTAGAGTGAACTCT-1,
TCTTCCCATGGGCACA-1,
TCTTCGAATAGACGTT-1,
TCTTCGATACCAATAA-1,
TCTTCTATAACCCGCC-1,
TCTTGATGCGTAGCGA-1,
TCTTGGTAACACCAAA-1,
TCTTTAAGACTATGAA-1,
TCTTTCTCTTAAGGAG-1,
TGAAACTTATGCAAGC-1,
TGAAAGGACCTGACTC-1,
TGAATGTCAGCCGGCC-1,
TGACACTTCTCTTTGC-1,
TGACATCGAGCGGACC-1,
TGACCAGCTTCAAAGT-1,
TGACGATGCACTAGAA-1,T_agg
TGACTATAATCCTTTC-1,
TGAGAATGCTTTACCG-1,
TGAGAGATTTACCACG-1,
TGAGATCAAATACTCA-1,
TGAGATTAGGCCCTAA-1,
TGAGCTTTAATGACGC-1,
TGATCCCAGCATTAGT-1,
TGATCGGTTTGACCCT-1,
TGATCTACGCTGATCT-1,
TGATCTCCGGCGCCAG-1,
TGATTATGGCACGCAG-1,
TGATTCGTCTATCACT-1,
TGCAAGAATGACGTAA-1,
TGCAATTTGGGCACGG-1,
TGCACAGTGAAGTTAT-1,
TGCACGAGTCGGCAGC-1,
TGCAGGATCGGCAAAG-1,
TGCAGTTTCCTCCCAT-1,
TGCATATGTCTGTCAC-1,
TGCATGGATCGGATCT-1,
TGCATGTGGTAATCTA-1,
TGCCACCTGGCGAAAC-1,
TGCCATGGCTTATAAG-1,
TGCCATTACTAAAGAA-1,
TGCCTGACATCGGTCA-1,
TGCCTGATCAAACGAT-1,
TGCCTTGGCCAGGCAA-1,
TGCGAGCCCTTCCGCG-1,
TGCGCAAAGCATTTGG-1,
TGCGCGATTAACGGAG-1,
TGCGGAGTAAAGGTGC-1,
TGCGGTGAAATTTCAT-1,
TGCGTTTGTTGACACT-1,
TGCTAAGTGTCTATTT-1,
TGCTCCACAGTTCTTA-1,
TGCTGGTTGGACAATT-1,
TGCTGTTGAAGAACTC-1,
TGGAACCACTGACACA-1,
TGGAAGGATAAAGATG-1,
TGGAATATCCTTGACC-1,
TGGACTGTTCGCTCAA-1,
TGGAGCTAAAGTTCCC-1,
TGGAGTGATGCGATGA-1,
TGGCAACTCGCGCGCC-1,
TGGCACGAGCTCGAGT-1,
TGGCAGCAGTAATAGT-1,
TGGCCAAACTGAAGTA-1,
TGGCCGTATATTGACC-1,
TGGCTTTGGGTAGACA-1,
TGGGAAATGCCTTTCC-1,
TGGGATGCACTCATTC-1,
TGGGCAATAGTTGGGT-1,
TGGGCACGTTCTATGG-1,
TGGGCCACAAGAGCGC-1,
TGGGCCCATACTAATT-1,
TGGGTAAGGTTCCCGC-1,
TGGTAGAATATATGGG-1,
TGGTATCGCATCCCAA-1,
TGGTATCGGTCTGTAT-1,
TGGTTCGTAGCAAAGG-1,
TGGTTGGAGGATCCTG-1,
TGTACGAACAAATCCG-1,
TGTAGGAGAAATTTCC-1,
TGTATAACAGATCCTG-1,
TGTATGGCGCAGACAG-1,
TGTATTTACCTAATGC-1,
TGTCATTTGTTGGGAA-1,
TGTCCCGACATAGCAC-1,
TGTGACTACGCCAGTC-1,
TGTGGCAAAGCGTATG-1,
TGTGTCGCGAGTTGCA-1,
TGTTATTGTATGTGGC-1,
TGTTCCGCTTCCATGA-1,
TGTTCTTCCATTGACT-1,
TGTTGTCAAGAAGTCT-1,
TGTTTAATACTTCATC-1,
TGTTTCGGTACTTCTC-1,
TTAAACTCGAATTCAT-1,
TTAACCAACCCTCCCT-1,
TTAAGACGAACGAACC-1,
TTAAGATAGGATTGAC-1,
TTAAGCCGACAACTTC-1,
TTAAGCGCCTGACCCA-1,
TTAATCAGTACGTCAG-1,
TTAATGCGAGGTAACT-1,
TTAATGTAGACCAGGT-1,
TTAATTTCAGACGCGG-1,
TTACAACTACGCATCC-1,
TTACAGACCTAAATGA-1,
TTACATCGTGGCCTGG-1,
TTACATGCCACAACTA-1,
TTACCCATTGCCGGGT-1,
TTACGGATGGTTCGAG-1,
TTACTCCGGCCGGGAA-1,
TTAGACACGATCGTTG-1,
TTAGAGTTTAGAAGGA-1,
TTAGCAACATGGATGT-1,
TTAGCTAATACGATCT-1,
TTAGCTGATTTGCCGT-1,T_agg
TTAGTTATTCGTGGCA-1,
TTATATACGCTGTCAC-1,
TTATATTTGGCAATCC-1,
TTATCCGGGATCTATA-1,
TTATCTGTATCATAAC-1,
TTATGAATGAAAGGGA-1,
TTATGACAAACTGGAT-1,
TTATGATCTTAACGAA-1,
TTATTAGGGAAGCATC-1,
TTCAAAGTCTCTAGCC-1,
TTCAACGACCCGACCG-1,
TTCAAGCCGAGCTGAG-1,
TTCAATACTCTGAATC-1,
TTCAATTAGCCATAAT-1,
TTCACGAAAGGATCAC-1,
TTCAGCCCTGGTCCAC-1,
TTCATGGCGCAACAGG-1,
TTCCAATCAGAGCTAG-1,
TTCCAGACGAGATTTA-1,
TTCCATCATGCGGTGA-1,
TTCCGCAGAGAAATAT-1,
TTCCGGCTCGACTTCT-1,
TTCCGGTTACCCACTT-1,
TTCCTCGAGGGTGTCT-1,
TTCCTCGGACTAACCA-1,
TTCGCACTCGCGTGCT-1,T_agg
TTCGCTATCTGACGTG-1,
TTCGGACTGATGCCTT-1,
TTCGGCAACCCGCTGA-1,
TTCGGCTAGAGATGGT-1,
TTCGGGACTAATCGCG-1,
TTCGTAATCCCAGCGG-1,
TTCGTTCAACGAAGTT-1,
TTCTAACCGAAGCTTA-1,
TTCTACCTTTATGTTG-1,
TTCTACTTGCGAGGGC-1,
TTCTAGGCCAATTGTG-1,
TTCTGACCGGGCTCAA-1,
TTCTGCGGGTTAGCGG-1,
TTCTGCTAGACTCCAA-1,
TTCTTAGTGGCTCAGA-1,
TTCTTATCCGCTGGGT-1,
TTCTTGCTAGCATCTC-1,
TTCTTGGAGTAATGAG-1,
TTCTTGTAACCTAATG-1,
TTCTTTGGTCGCGACG-1,
TTGAAAGGTGTAAAGG-1,
TTGAACGAATCCTTTG-1,
TTGAAGAATTCCCAGG-1,
TTGAATATGGACTTTC-1,
TTGAATTCACGTGAGG-1,
TTGACAGGAGCTCCCG-1,
TTGACCATGTTCTCCG-1,
TTGACGCTCCATGAGC-1,
TTGACTATTGTCCGGC-1,
TTGAGGCATTTAACTC-1,
TTGATCTAACTTTGTC-1,
TTGATGTGTAGTCCCG-1,
TTGATTATGCAGATGA-1,
TTGCACGGAGCAGCAC-1,
TTGCCGGTGATCCCTC-1,
TTGCGTGAACGCTTAG-1,
TTGCTCCCATACCGGA-1,
TTGCTGAAGGAACCAC-1,
TTGCTGATCATGTTCG-1,
TTGCTGGCCGGGCTTC-1,
TTGGATCGACTTCTGG-1,
TTGGATTGGGTACCAC-1,
TTGGCCATCTTGCGCT-1,
TTGGCCTAGAATTTCG-1,
TTGGCTCGCATGAGAC-1,
TTGGGACACTGCCCGC-1,
TTGGGCGGCGGTTGCC-1,
TTGTAAGGCCAGTTGG-1,
TTGTAATCCGTACTCG-1,
TTGTATCACACAGAAT-1,
TTGTCGTTCAGTTACC-1,
TTGTGGCCCTGACAGT-1,
TTGTTAGCAAATTCGA-1,
TTGTTCAGTGTGCTAC-1,
TTGTTGTGTGTCAAGA-1,
